{"v":"5.7.1","fr":60,"ip":0,"op":913,"w":2000,"h":2000,"nm":"SignInPage","ddd":0,"assets":[{"id":"comp_0","layers":[{"ddd":0,"ind":1,"ty":4,"nm":"“Cloud_D”轮廓","sr":1,"ks":{"o":{"a":0,"k":100,"ix":11},"r":{"a":0,"k":0,"ix":10},"p":{"a":0,"k":[582,462,0],"ix":2},"a":{"a":0,"k":[90.25,180.25,0],"ix":1},"s":{"a":1,"k":[{"i":{"x":[0.6,0.6,0.6],"y":[1,1,1]},"o":{"x":[0.4,0.4,0.4],"y":[0,0,0]},"t":20,"s":[100,100,100]},{"t":80,"s":[120,120,100]}],"ix":6,"x":"var $bm_rt;\nvar $bm_rt;\n$bm_rt = $bm_rt = loopOut('pingpong');"}},"ao":0,"shapes":[{"ty":"gr","it":[{"ind":0,"ty":"sh","ix":1,"ks":{"a":0,"k":{"i":[[0,-49.706],[-49.706,0],[0,49.706],[49.706,0]],"o":[[0,49.706],[49.706,0],[0,-49.706],[-49.706,0]],"v":[[-90,0],[0,90],[90,0],[0,-90]],"c":true},"ix":2},"nm":"Path 1","mn":"ADBE Vector Shape - Group","hd":false},{"ty":"fl","c":{"a":0,"k":[0.929000020027,0.933000028133,0.949000000954,1],"ix":4},"o":{"a":0,"k":100,"ix":5},"r":1,"bm":0,"nm":"填充 1","mn":"ADBE Vector Graphic - Fill","hd":false},{"ty":"tr","p":{"a":0,"k":[90.25,90.25],"ix":2},"a":{"a":0,"k":[0,0],"ix":1},"s":{"a":0,"k":[100,100],"ix":3},"r":{"a":0,"k":0,"ix":6},"o":{"a":0,"k":100,"ix":7},"sk":{"a":0,"k":0,"ix":4},"sa":{"a":0,"k":0,"ix":5},"nm":"Transform"}],"nm":"组 1","np":2,"cix":2,"bm":0,"ix":1,"mn":"ADBE Vector Group","hd":false}],"ip":0,"op":980,"st":0,"bm":0},{"ddd":0,"ind":2,"ty":4,"nm":"“Cloud_C”轮廓","sr":1,"ks":{"o":{"a":0,"k":100,"ix":11},"r":{"a":0,"k":0,"ix":10},"p":{"a":0,"k":[426,462,0],"ix":2},"a":{"a":0,"k":[160.25,320.25,0],"ix":1},"s":{"a":1,"k":[{"i":{"x":[0.6,0.6,0.6],"y":[1,1,1]},"o":{"x":[0.4,0.4,0.4],"y":[0,0,0]},"t":0,"s":[100,100,100]},{"t":60,"s":[92,92,100]}],"ix":6,"x":"var $bm_rt;\nvar $bm_rt;\n$bm_rt = $bm_rt = loopOut('pingpong');"}},"ao":0,"shapes":[{"ty":"gr","it":[{"ind":0,"ty":"sh","ix":1,"ks":{"a":0,"k":{"i":[[0,-88.366],[-88.366,0],[0,88.365],[88.365,0]],"o":[[0,88.365],[88.365,0],[0,-88.366],[-88.366,0]],"v":[[-160,0],[0,160],[160,0],[0,-160]],"c":true},"ix":2},"nm":"Path 1","mn":"ADBE Vector Shape - Group","hd":false},{"ty":"fl","c":{"a":0,"k":[0.929000020027,0.933000028133,0.949000000954,1],"ix":4},"o":{"a":0,"k":100,"ix":5},"r":1,"bm":0,"nm":"填充 1","mn":"ADBE Vector Graphic - Fill","hd":false},{"ty":"tr","p":{"a":0,"k":[160.25,160.25],"ix":2},"a":{"a":0,"k":[0,0],"ix":1},"s":{"a":0,"k":[100,100],"ix":3},"r":{"a":0,"k":0,"ix":6},"o":{"a":0,"k":100,"ix":7},"sk":{"a":0,"k":0,"ix":4},"sa":{"a":0,"k":0,"ix":5},"nm":"Transform"}],"nm":"组 1","np":2,"cix":2,"bm":0,"ix":1,"mn":"ADBE Vector Group","hd":false}],"ip":0,"op":980,"st":0,"bm":0},{"ddd":0,"ind":3,"ty":4,"nm":"“Cloud_B”轮廓","sr":1,"ks":{"o":{"a":0,"k":100,"ix":11},"r":{"a":0,"k":0,"ix":10},"p":{"a":0,"k":[258,328,0],"ix":2},"a":{"a":0,"k":[70.25,70.25,0],"ix":1},"s":{"a":1,"k":[{"i":{"x":[0.6,0.6,0.6],"y":[1,1,1]},"o":{"x":[0.4,0.4,0.4],"y":[0,0,0]},"t":10,"s":[100,100,100]},{"t":70,"s":[124,124,100]}],"ix":6,"x":"var $bm_rt;\nvar $bm_rt;\n$bm_rt = $bm_rt = loopOut('pingpong');"}},"ao":0,"shapes":[{"ty":"gr","it":[{"ind":0,"ty":"sh","ix":1,"ks":{"a":0,"k":{"i":[[0,-38.66],[-38.66,0],[0,38.66],[38.66,0]],"o":[[0,38.66],[38.66,0],[0,-38.66],[-38.66,0]],"v":[[-70,0],[0,70],[70,0],[0,-70]],"c":true},"ix":2},"nm":"Path 1","mn":"ADBE Vector Shape - Group","hd":false},{"ty":"fl","c":{"a":0,"k":[0.929000020027,0.933000028133,0.949000000954,1],"ix":4},"o":{"a":0,"k":100,"ix":5},"r":1,"bm":0,"nm":"填充 1","mn":"ADBE Vector Graphic - Fill","hd":false},{"ty":"tr","p":{"a":0,"k":[70.25,70.25],"ix":2},"a":{"a":0,"k":[0,0],"ix":1},"s":{"a":0,"k":[100,100],"ix":3},"r":{"a":0,"k":0,"ix":6},"o":{"a":0,"k":100,"ix":7},"sk":{"a":0,"k":0,"ix":4},"sa":{"a":0,"k":0,"ix":5},"nm":"Transform"}],"nm":"组 1","np":2,"cix":2,"bm":0,"ix":1,"mn":"ADBE Vector Group","hd":false}],"ip":0,"op":980,"st":0,"bm":0},{"ddd":0,"ind":4,"ty":4,"nm":"“Cloud_A”轮廓","sr":1,"ks":{"o":{"a":0,"k":100,"ix":11},"r":{"a":0,"k":0,"ix":10},"p":{"a":0,"k":[188,462,0],"ix":2},"a":{"a":0,"k":[60.25,120.25,0],"ix":1},"s":{"a":1,"k":[{"i":{"x":[0.6,0.6,0.6],"y":[1,1,1]},"o":{"x":[0.4,0.4,0.4],"y":[0,0,0]},"t":0,"s":[100,100,100]},{"t":60,"s":[120,120,100]}],"ix":6,"x":"var $bm_rt;\nvar $bm_rt;\n$bm_rt = $bm_rt = loopOut('pingpong');"}},"ao":0,"shapes":[{"ty":"gr","it":[{"ind":0,"ty":"sh","ix":1,"ks":{"a":0,"k":{"i":[[0,-33.137],[-33.137,0],[0,33.137],[33.137,0]],"o":[[0,33.137],[33.137,0],[0,-33.137],[-33.137,0]],"v":[[-60,0],[0,60],[60,0],[0,-60]],"c":true},"ix":2},"nm":"Path 1","mn":"ADBE Vector Shape - Group","hd":false},{"ty":"fl","c":{"a":0,"k":[0.929000020027,0.933000028133,0.949000000954,1],"ix":4},"o":{"a":0,"k":100,"ix":5},"r":1,"bm":0,"nm":"填充 1","mn":"ADBE Vector Graphic - Fill","hd":false},{"ty":"tr","p":{"a":0,"k":[60.25,60.25],"ix":2},"a":{"a":0,"k":[0,0],"ix":1},"s":{"a":0,"k":[100,100],"ix":3},"r":{"a":0,"k":0,"ix":6},"o":{"a":0,"k":100,"ix":7},"sk":{"a":0,"k":0,"ix":4},"sa":{"a":0,"k":0,"ix":5},"nm":"Transform"}],"nm":"组 1","np":2,"cix":2,"bm":0,"ix":1,"mn":"ADBE Vector Group","hd":false}],"ip":0,"op":980,"st":0,"bm":0},{"ddd":0,"ind":5,"ty":4,"nm":"“Cloud_Buttom”轮廓","sr":1,"ks":{"o":{"a":0,"k":100,"ix":11},"r":{"a":0,"k":0,"ix":10},"p":{"a":0,"k":[387,417,0],"ix":2},"a":{"a":0,"k":[199.25,45.25,0],"ix":1},"s":{"a":0,"k":[100,100,100],"ix":6}},"ao":0,"shapes":[{"ty":"gr","it":[{"ind":0,"ty":"sh","ix":1,"ks":{"a":0,"k":{"i":[[0,0],[0,0],[0,0],[0,0]],"o":[[0,0],[0,0],[0,0],[0,0]],"v":[[199,45],[-199,45],[-199,-45],[199,-45]],"c":true},"ix":2},"nm":"Path 1","mn":"ADBE Vector Shape - Group","hd":false},{"ty":"fl","c":{"a":0,"k":[0.929000020027,0.933000028133,0.949000000954,1],"ix":4},"o":{"a":0,"k":100,"ix":5},"r":1,"bm":0,"nm":"填充 1","mn":"ADBE Vector Graphic - Fill","hd":false},{"ty":"tr","p":{"a":0,"k":[199.25,45.25],"ix":2},"a":{"a":0,"k":[0,0],"ix":1},"s":{"a":0,"k":[100,100],"ix":3},"r":{"a":0,"k":0,"ix":6},"o":{"a":0,"k":100,"ix":7},"sk":{"a":0,"k":0,"ix":4},"sa":{"a":0,"k":0,"ix":5},"nm":"Transform"}],"nm":"组 1","np":2,"cix":2,"bm":0,"ix":1,"mn":"ADBE Vector Group","hd":false}],"ip":0,"op":980,"st":0,"bm":0}]},{"id":"comp_1","layers":[{"ddd":0,"ind":1,"ty":4,"nm":"TickTrackGoogleSignIn Outlines","sr":1,"ks":{"o":{"a":1,"k":[{"i":{"x":[0.833],"y":[0.833]},"o":{"x":[0.167],"y":[0.167]},"t":897,"s":[100]},{"t":911,"s":[0]}],"ix":11},"r":{"a":0,"k":0,"ix":10},"p":{"a":0,"k":[944,840,0],"ix":2},"a":{"a":0,"k":[2500,2500,0],"ix":1},"s":{"a":0,"k":[60,60,100],"ix":6}},"ao":0,"shapes":[{"ty":"gr","it":[{"ind":0,"ty":"sh","ix":1,"ks":{"a":0,"k":{"i":[[41.642,-70.069],[52.539,-87.886],[0.447,-1.226],[0.998,1.711],[48.653,83.312],[-3.048,5.328],[-96.401,168.997],[-13.397,-23.092],[-37.461,-65.035],[-0.471,-4.417],[4.151,-6.981]],"o":[[-52.568,87.869],[-0.656,1.098],[-3.455,1.149],[-48.611,-83.337],[-2.608,-4.466],[96.62,-168.87],[15.082,22.104],[37.663,64.919],[2.088,3.626],[-4.268,6.911],[-41.668,70.054]],"v":[[87.709,118.993],[-69.968,382.615],[-71.326,386.278],[-75.908,382.553],[-221.712,132.528],[-222.39,119.459],[66.99,-387.427],[107.497,-318.331],[220.042,-123.318],[225.438,-111.948],[212.651,-91.207]],"c":true},"ix":2},"nm":"Path 1","mn":"ADBE Vector Shape - Group","hd":false},{"ty":"fl","c":{"a":0,"k":[0.054999998504,0.654999976065,0.372999991623,1],"ix":4},"o":{"a":0,"k":100,"ix":5},"r":1,"bm":0,"nm":"Fill 1","mn":"ADBE Vector Graphic - Fill","hd":false},{"ty":"tr","p":{"a":1,"k":[{"i":{"x":0.667,"y":1},"o":{"x":0.333,"y":0},"t":0,"s":[2029.882,3117.435],"to":[54.667,-83.833],"ti":[-54.667,83.833]},{"t":15,"s":[2357.882,2614.435]}],"ix":2},"a":{"a":0,"k":[0,0],"ix":1},"s":{"a":0,"k":[100,100],"ix":3},"r":{"a":0,"k":0,"ix":6},"o":{"a":1,"k":[{"i":{"x":[0.667],"y":[1]},"o":{"x":[0.333],"y":[0]},"t":0,"s":[0]},{"t":15,"s":[100]}],"ix":7},"sk":{"a":0,"k":0,"ix":4},"sa":{"a":0,"k":0,"ix":5},"nm":"Transform"}],"nm":"Group 4","np":2,"cix":2,"bm":0,"ix":1,"mn":"ADBE Vector Group","hd":false},{"ty":"gr","it":[{"ind":0,"ty":"sh","ix":1,"ks":{"a":0,"k":{"i":[[-3.202,6.15],[-3.902,0.058],[-2.551,-0.001],[-49.284,0.103],[0.598,3.877],[-1.688,0.527],[1.502,-2.666],[47.008,-83.601],[7.481,0.008],[194.377,0.026],[2.917,0.194],[-0.656,1.098],[-52.568,87.869],[-1.263,0.001],[-89.208,0.085],[-0.582,-0.411],[-3.025,-0.005],[-35.292,0.066],[-0.929,4.829],[-3.937,0.047]],"o":[[3.901,-0.058],[1.832,2.581],[49.283,0.02],[1.242,-0.003],[1.692,-0.527],[1.156,3.782],[-47.057,83.575],[-3.331,5.923],[-194.377,-0.246],[-2.922,-0.001],[0.447,-1.226],[52.539,-87.886],[1.263,0.267],[89.208,-0.048],[0.583,0.409],[0.916,4.834],[35.293,0.063],[3.023,-0.006],[3.938,-0.047],[3.319,6.033]],"v":[[199.333,-132.353],[211.038,-132.525],[218.184,-130.459],[366.035,-130.531],[369.741,-132.591],[374.812,-134.17],[371.422,-125.412],[230.138,125.246],[215.924,134.163],[-367.207,133.943],[-375.968,133.386],[-374.61,129.725],[-216.933,-133.897],[-213.144,-133.131],[54.479,-133.353],[56.225,-132.124],[64.037,-128.523],[169.915,-128.528],[177.74,-132.117],[189.551,-132.257]],"c":true},"ix":2},"nm":"Path 1","mn":"ADBE Vector Shape - Group","hd":false},{"ty":"fl","c":{"a":0,"k":[0.211999990426,0.463000009574,0.875,1],"ix":4},"o":{"a":0,"k":100,"ix":5},"r":1,"bm":0,"nm":"Fill 1","mn":"ADBE Vector Graphic - Fill","hd":false},{"ty":"tr","p":{"a":1,"k":[{"i":{"x":0.667,"y":1},"o":{"x":0.333,"y":0},"t":15,"s":[2064.524,2867.326],"to":[99.667,0],"ti":[-99.667,0]},{"t":30,"s":[2662.524,2867.326]}],"ix":2},"a":{"a":0,"k":[0,0],"ix":1},"s":{"a":0,"k":[100,100],"ix":3},"r":{"a":0,"k":0,"ix":6},"o":{"a":1,"k":[{"i":{"x":[0.667],"y":[1]},"o":{"x":[0.333],"y":[0]},"t":15,"s":[0]},{"t":30,"s":[100]}],"ix":7},"sk":{"a":0,"k":0,"ix":4},"sa":{"a":0,"k":0,"ix":5},"nm":"Transform"}],"nm":"Group 5","np":2,"cix":2,"bm":0,"ix":2,"mn":"ADBE Vector Group","hd":false},{"ty":"gr","it":[{"ind":0,"ty":"sh","ix":1,"ks":{"a":0,"k":{"i":[[15.082,22.105],[-2.853,0.021],[-48.913,1.143],[-50.899,0.802],[-3.57,-6.196],[-68.458,-118.309],[-27.372,-47.48],[0.441,-3.249],[1.691,-0.526],[52.902,-0.021],[0,0],[3.261,-0.031],[3.937,-0.047],[40.506,0.002],[0.583,0.409],[1.283,2.23],[31.168,53.417],[14.189,20.288],[2.088,3.626],[37.663,64.918]],"o":[[0.103,-6.375],[48.949,-0.352],[50.917,-1.191],[7.203,-0.114],[68.242,118.433],[27.448,47.435],[1.421,2.467],[-1.688,0.527],[-52.902,0.023],[0,0],[-3.26,0.032],[-3.936,0.047],[-40.505,-0.002],[-0.582,-0.41],[-1.092,-2.341],[-30.831,-53.614],[-12.439,-21.319],[-0.47,-4.415],[-37.462,-65.035],[-13.397,-23.092]],"v":[[-306.452,-250.174],[-298.508,-254.067],[-151.682,-256.292],[1.033,-257.915],[15.384,-249.398],[220.623,105.607],[302.86,247.977],[306.011,255.975],[300.941,257.553],[142.236,257.62],[130.532,257.792],[120.75,257.887],[108.94,258.029],[-12.576,258.021],[-14.322,256.792],[-17.621,249.784],[-110.285,89.043],[-148.005,25.303],[-153.4,13.936],[-265.946,-181.075]],"c":true},"ix":2,"x":"var $bm_rt;\n$bm_rt = content('Group 6').content('Path 1').path;"},"nm":"Path 1","mn":"ADBE Vector Shape - Group","hd":false},{"ty":"fl","c":{"a":0,"k":[0.991999966491,0.804000016755,0.375999989229,1],"ix":4},"o":{"a":0,"k":100,"ix":5},"r":1,"bm":0,"nm":"Fill 1","mn":"ADBE Vector Graphic - Fill","hd":false},{"ty":"tr","p":{"a":1,"k":[{"i":{"x":0.667,"y":1},"o":{"x":0.333,"y":0},"t":30,"s":[3034.325,3007.181],"to":[-50.5,-88.333],"ti":[50.5,88.333]},{"t":45,"s":[2731.325,2477.181]}],"ix":2},"a":{"a":0,"k":[0,0],"ix":1},"s":{"a":0,"k":[100,100],"ix":3},"r":{"a":0,"k":0,"ix":6},"o":{"a":1,"k":[{"i":{"x":[0.667],"y":[1]},"o":{"x":[0.333],"y":[0]},"t":30,"s":[0]},{"t":45,"s":[100]}],"ix":7},"sk":{"a":0,"k":0,"ix":4},"sa":{"a":0,"k":0,"ix":5},"nm":"Transform"}],"nm":"Group 6","np":2,"cix":2,"bm":0,"ix":3,"mn":"ADBE Vector Group","hd":false}],"ip":0,"op":921,"st":0,"bm":0},{"ddd":0,"ind":2,"ty":4,"nm":"Shape Layer 1","sr":1,"ks":{"o":{"a":0,"k":100,"ix":11},"r":{"a":0,"k":0,"ix":10},"p":{"a":0,"k":[1000,1000,0],"ix":2},"a":{"a":0,"k":[0,0,0],"ix":1},"s":{"a":1,"k":[{"i":{"x":[0.667,0.667,0.667],"y":[1,1,1]},"o":{"x":[0.333,0.333,0.333],"y":[0,0,0]},"t":0,"s":[0,0,100]},{"i":{"x":[0.667,0.667,0.667],"y":[1,1,1]},"o":{"x":[0.333,0.333,0.333],"y":[0,0,0]},"t":45,"s":[120,120,100]},{"i":{"x":[0.8,0.8,0.8],"y":[1,1,1]},"o":{"x":[0.324,0.324,0.324],"y":[0,0,0]},"t":54,"s":[100,100,100]},{"i":{"x":[0.702,0.702,0.702],"y":[1,1,1]},"o":{"x":[0.368,0.368,0.368],"y":[0,0,0]},"t":888,"s":[100,100,100]},{"i":{"x":[0.833,0.833,0.833],"y":[1,1,1]},"o":{"x":[0.167,0.167,0.167],"y":[0,0,0]},"t":896,"s":[119,119,100]},{"t":910,"s":[0,0,100]}],"ix":6}},"ao":0,"shapes":[{"ty":"gr","it":[{"d":1,"ty":"el","s":{"a":0,"k":[656,656],"ix":2},"p":{"a":0,"k":[0,0],"ix":3},"nm":"Ellipse Path 1","mn":"ADBE Vector Shape - Ellipse","hd":false},{"ty":"st","c":{"a":0,"k":[1,1,1,1],"ix":3},"o":{"a":0,"k":100,"ix":4},"w":{"a":0,"k":2,"ix":5},"lc":1,"lj":1,"ml":4,"bm":0,"nm":"Stroke 1","mn":"ADBE Vector Graphic - Stroke","hd":false},{"ty":"fl","c":{"a":0,"k":[1,1,1,1],"ix":4},"o":{"a":0,"k":100,"ix":5},"r":1,"bm":0,"nm":"Fill 1","mn":"ADBE Vector Graphic - Fill","hd":false},{"ty":"tr","p":{"a":0,"k":[-8,-68],"ix":2},"a":{"a":0,"k":[0,0],"ix":1},"s":{"a":0,"k":[100,100],"ix":3},"r":{"a":0,"k":0,"ix":6},"o":{"a":0,"k":100,"ix":7},"sk":{"a":0,"k":0,"ix":4},"sa":{"a":0,"k":0,"ix":5},"nm":"Transform"}],"nm":"Ellipse 1","np":3,"cix":2,"bm":0,"ix":1,"mn":"ADBE Vector Group","hd":false}],"ip":0,"op":921,"st":0,"bm":0}]},{"id":"comp_2","layers":[{"ddd":0,"ind":1,"ty":4,"nm":"TickTrack","sr":1,"ks":{"o":{"a":0,"k":100,"ix":11},"r":{"a":0,"k":0,"ix":10},"p":{"a":0,"k":[300,1000,0],"ix":2},"a":{"a":0,"k":[2500,2500,0],"ix":1},"s":{"a":0,"k":[25.76,25.76,100],"ix":6}},"ao":0,"shapes":[{"ty":"gr","it":[{"ind":0,"ty":"sh","ix":1,"ks":{"a":0,"k":{"i":[[0.003,-5.071],[28.466,-5.469],[6.598,26.182],[-0.753,7.036],[-8.469,8.986],[-12.39,2.153],[-7.572,-30.905]],"o":[[0.387,23.579],[-30.21,5.804],[-1.736,-6.89],[1.312,-12.254],[8.592,-9.118],[24.991,-4.34],[1.144,4.667]],"v":[[55.066,0.195],[10.538,54.067],[-52.949,14.004],[-54.701,-6.88],[-40.066,-38.868],[-8.537,-55.531],[53.505,-13.91]],"c":true},"ix":2},"nm":"Path 1","mn":"ADBE Vector Shape - Group","hd":false},{"ty":"fl","c":{"a":0,"k":[0.008000000785,0.536999990426,0.642999985639,1],"ix":4},"o":{"a":0,"k":100,"ix":5},"r":1,"bm":0,"nm":"Fill 1","mn":"ADBE Vector Graphic - Fill","hd":false},{"ty":"tr","p":{"a":0,"k":[2129.938,2855.673],"ix":2},"a":{"a":0,"k":[0,0],"ix":1},"s":{"a":1,"k":[{"i":{"x":[0.667,0.667],"y":[1,1]},"o":{"x":[0.333,0.333],"y":[0,0]},"t":0,"s":[0,0]},{"i":{"x":[0.667,0.667],"y":[1,1]},"o":{"x":[0.333,0.333],"y":[0,0]},"t":25,"s":[133,133]},{"i":{"x":[0.833,0.833],"y":[1,1]},"o":{"x":[0.167,0.167],"y":[0,0]},"t":40,"s":[100,100]},{"i":{"x":[0.833,0.833],"y":[1,1]},"o":{"x":[0.167,0.167],"y":[0,0]},"t":89,"s":[100,100]},{"i":{"x":[0.833,0.833],"y":[1,1]},"o":{"x":[0.167,0.167],"y":[0,0]},"t":105,"s":[134,134]},{"i":{"x":[0.667,0.667],"y":[1,1]},"o":{"x":[0.167,0.167],"y":[0,0]},"t":120,"s":[0,0]},{"i":{"x":[0.667,0.667],"y":[1,1]},"o":{"x":[0.333,0.333],"y":[0,0]},"t":165,"s":[0,0]},{"i":{"x":[0.667,0.667],"y":[1,1]},"o":{"x":[0.333,0.333],"y":[0,0]},"t":190,"s":[133,133]},{"i":{"x":[0.833,0.833],"y":[1,1]},"o":{"x":[0.167,0.167],"y":[0,0]},"t":205,"s":[100,100]},{"i":{"x":[0.833,0.833],"y":[1,1]},"o":{"x":[0.167,0.167],"y":[0,0]},"t":254,"s":[100,100]},{"i":{"x":[0.833,0.833],"y":[1,1]},"o":{"x":[0.167,0.167],"y":[0,0]},"t":270,"s":[134,134]},{"i":{"x":[0.667,0.667],"y":[1,1]},"o":{"x":[0.167,0.167],"y":[0,0]},"t":285,"s":[0,0]},{"i":{"x":[0.667,0.667],"y":[1,1]},"o":{"x":[0.333,0.333],"y":[0,0]},"t":330,"s":[0,0]},{"i":{"x":[0.667,0.667],"y":[1,1]},"o":{"x":[0.333,0.333],"y":[0,0]},"t":355,"s":[133,133]},{"i":{"x":[0.833,0.833],"y":[1,1]},"o":{"x":[0.167,0.167],"y":[0,0]},"t":370,"s":[100,100]},{"i":{"x":[0.833,0.833],"y":[1,1]},"o":{"x":[0.167,0.167],"y":[0,0]},"t":419,"s":[100,100]},{"i":{"x":[0.833,0.833],"y":[1,1]},"o":{"x":[0.167,0.167],"y":[0,0]},"t":435,"s":[134,134]},{"i":{"x":[0.667,0.667],"y":[1,1]},"o":{"x":[0.167,0.167],"y":[0,0]},"t":450,"s":[0,0]},{"i":{"x":[0.667,0.667],"y":[1,1]},"o":{"x":[0.333,0.333],"y":[0,0]},"t":496,"s":[0,0]},{"i":{"x":[0.667,0.667],"y":[1,1]},"o":{"x":[0.333,0.333],"y":[0,0]},"t":521,"s":[133,133]},{"i":{"x":[0.833,0.833],"y":[1,1]},"o":{"x":[0.167,0.167],"y":[0,0]},"t":536,"s":[100,100]},{"i":{"x":[0.833,0.833],"y":[1,1]},"o":{"x":[0.167,0.167],"y":[0,0]},"t":585,"s":[100,100]},{"i":{"x":[0.833,0.833],"y":[1,1]},"o":{"x":[0.167,0.167],"y":[0,0]},"t":601,"s":[134,134]},{"i":{"x":[0.667,0.667],"y":[1,1]},"o":{"x":[0.167,0.167],"y":[0,0]},"t":616,"s":[0,0]},{"i":{"x":[0.667,0.667],"y":[1,1]},"o":{"x":[0.333,0.333],"y":[0,0]},"t":660,"s":[0,0]},{"i":{"x":[0.667,0.667],"y":[1,1]},"o":{"x":[0.333,0.333],"y":[0,0]},"t":685,"s":[133,133]},{"i":{"x":[0.833,0.833],"y":[1,1]},"o":{"x":[0.167,0.167],"y":[0,0]},"t":700,"s":[100,100]},{"i":{"x":[0.833,0.833],"y":[1,1]},"o":{"x":[0.167,0.167],"y":[0,0]},"t":749,"s":[100,100]},{"i":{"x":[0.833,0.833],"y":[1,1]},"o":{"x":[0.167,0.167],"y":[0,0]},"t":765,"s":[134,134]},{"i":{"x":[0.667,0.667],"y":[1,1]},"o":{"x":[0.167,0.167],"y":[0,0]},"t":780,"s":[0,0]},{"i":{"x":[0.667,0.667],"y":[1,1]},"o":{"x":[0.333,0.333],"y":[0,0]},"t":825,"s":[0,0]},{"i":{"x":[0.667,0.667],"y":[1,1]},"o":{"x":[0.333,0.333],"y":[0,0]},"t":850,"s":[133,133]},{"i":{"x":[0.833,0.833],"y":[1,1]},"o":{"x":[0.167,0.167],"y":[0,0]},"t":865,"s":[100,100]},{"i":{"x":[0.833,0.833],"y":[1,1]},"o":{"x":[0.167,0.167],"y":[0,0]},"t":871,"s":[100,100]},{"i":{"x":[0.833,0.833],"y":[1,1]},"o":{"x":[0.167,0.167],"y":[0,0]},"t":887,"s":[134,134]},{"i":{"x":[0.833,0.833],"y":[1,1]},"o":{"x":[0.167,0.167],"y":[0,0]},"t":902,"s":[0,0]},{"i":{"x":[0.833,0.833],"y":[1,1]},"o":{"x":[0.167,0.167],"y":[0,0]},"t":930,"s":[134,134]},{"t":945,"s":[0,0]}],"ix":3},"r":{"a":0,"k":0,"ix":6},"o":{"a":0,"k":100,"ix":7},"sk":{"a":0,"k":0,"ix":4},"sa":{"a":0,"k":0,"ix":5},"nm":"Transform"}],"nm":"Group 32","np":2,"cix":2,"bm":0,"ix":1,"mn":"ADBE Vector Group","hd":false},{"ty":"gr","it":[{"ind":0,"ty":"sh","ix":1,"ks":{"a":0,"k":{"i":[[0.105,1.928],[-27.735,5.709],[-6.982,-1.264],[-8.64,-10.163],[-0.19,-13.344],[27.457,-6.321],[6.54,1.004],[5.264,2.512],[3.709,18.851],[0.071,1.051]],"o":[[-0.431,-24.357],[6.958,-1.432],[13.084,2.368],[8.621,10.142],[0.34,23.867],[-6.363,1.465],[-5.768,-0.884],[-17.393,-8.299],[-0.203,-1.03],[-0.129,-1.927]],"v":[[-55.55,0.041],[-11.257,-54.097],[9.69,-54.174],[42.461,-35.602],[55.641,-0.344],[12.605,53.756],[-6.751,54.526],[-23.418,49.875],[-54.896,8.967],[-55.228,5.825]],"c":true},"ix":2},"nm":"Path 1","mn":"ADBE Vector Shape - Group","hd":false},{"ty":"fl","c":{"a":0,"k":[0.008000000785,0.536999990426,0.642999985639,1],"ix":4},"o":{"a":0,"k":100,"ix":5},"r":1,"bm":0,"nm":"Fill 1","mn":"ADBE Vector Graphic - Fill","hd":false},{"ty":"tr","p":{"a":0,"k":[2420.098,3150.077],"ix":2},"a":{"a":0,"k":[0,0],"ix":1},"s":{"a":1,"k":[{"i":{"x":[0.667,0.667],"y":[1,1]},"o":{"x":[0.333,0.333],"y":[0,0]},"t":14,"s":[0,0]},{"i":{"x":[0.667,0.667],"y":[1,1]},"o":{"x":[0.333,0.333],"y":[0,0]},"t":39,"s":[133,133]},{"i":{"x":[0.833,0.833],"y":[1,1]},"o":{"x":[0.167,0.167],"y":[0,0]},"t":54,"s":[100,100]},{"i":{"x":[0.833,0.833],"y":[1,1]},"o":{"x":[0.167,0.167],"y":[0,0]},"t":103,"s":[100,100]},{"i":{"x":[0.833,0.833],"y":[1,1]},"o":{"x":[0.167,0.167],"y":[0,0]},"t":119,"s":[134,134]},{"i":{"x":[0.667,0.667],"y":[1,1]},"o":{"x":[0.167,0.167],"y":[0,0]},"t":135,"s":[0,0]},{"i":{"x":[0.667,0.667],"y":[1,1]},"o":{"x":[0.333,0.333],"y":[0,0]},"t":179,"s":[0,0]},{"i":{"x":[0.667,0.667],"y":[1,1]},"o":{"x":[0.333,0.333],"y":[0,0]},"t":204,"s":[133,133]},{"i":{"x":[0.833,0.833],"y":[1,1]},"o":{"x":[0.167,0.167],"y":[0,0]},"t":219,"s":[100,100]},{"i":{"x":[0.833,0.833],"y":[1,1]},"o":{"x":[0.167,0.167],"y":[0,0]},"t":268,"s":[100,100]},{"i":{"x":[0.833,0.833],"y":[1,1]},"o":{"x":[0.167,0.167],"y":[0,0]},"t":284,"s":[134,134]},{"i":{"x":[0.667,0.667],"y":[1,1]},"o":{"x":[0.167,0.167],"y":[0,0]},"t":300,"s":[0,0]},{"i":{"x":[0.667,0.667],"y":[1,1]},"o":{"x":[0.333,0.333],"y":[0,0]},"t":344,"s":[0,0]},{"i":{"x":[0.667,0.667],"y":[1,1]},"o":{"x":[0.333,0.333],"y":[0,0]},"t":369,"s":[133,133]},{"i":{"x":[0.833,0.833],"y":[1,1]},"o":{"x":[0.167,0.167],"y":[0,0]},"t":384,"s":[100,100]},{"i":{"x":[0.833,0.833],"y":[1,1]},"o":{"x":[0.167,0.167],"y":[0,0]},"t":433,"s":[100,100]},{"i":{"x":[0.833,0.833],"y":[1,1]},"o":{"x":[0.167,0.167],"y":[0,0]},"t":449,"s":[134,134]},{"i":{"x":[0.667,0.667],"y":[1,1]},"o":{"x":[0.167,0.167],"y":[0,0]},"t":465,"s":[0,0]},{"i":{"x":[0.667,0.667],"y":[1,1]},"o":{"x":[0.333,0.333],"y":[0,0]},"t":510,"s":[0,0]},{"i":{"x":[0.667,0.667],"y":[1,1]},"o":{"x":[0.333,0.333],"y":[0,0]},"t":535,"s":[133,133]},{"i":{"x":[0.833,0.833],"y":[1,1]},"o":{"x":[0.167,0.167],"y":[0,0]},"t":550,"s":[100,100]},{"i":{"x":[0.833,0.833],"y":[1,1]},"o":{"x":[0.167,0.167],"y":[0,0]},"t":599,"s":[100,100]},{"i":{"x":[0.833,0.833],"y":[1,1]},"o":{"x":[0.167,0.167],"y":[0,0]},"t":615,"s":[134,134]},{"i":{"x":[0.667,0.667],"y":[1,1]},"o":{"x":[0.167,0.167],"y":[0,0]},"t":631,"s":[0,0]},{"i":{"x":[0.667,0.667],"y":[1,1]},"o":{"x":[0.333,0.333],"y":[0,0]},"t":674,"s":[0,0]},{"i":{"x":[0.667,0.667],"y":[1,1]},"o":{"x":[0.333,0.333],"y":[0,0]},"t":699,"s":[133,133]},{"i":{"x":[0.833,0.833],"y":[1,1]},"o":{"x":[0.167,0.167],"y":[0,0]},"t":714,"s":[100,100]},{"i":{"x":[0.833,0.833],"y":[1,1]},"o":{"x":[0.167,0.167],"y":[0,0]},"t":763,"s":[100,100]},{"i":{"x":[0.833,0.833],"y":[1,1]},"o":{"x":[0.167,0.167],"y":[0,0]},"t":779,"s":[134,134]},{"i":{"x":[0.667,0.667],"y":[1,1]},"o":{"x":[0.167,0.167],"y":[0,0]},"t":795,"s":[0,0]},{"i":{"x":[0.667,0.667],"y":[1,1]},"o":{"x":[0.333,0.333],"y":[0,0]},"t":839,"s":[0,0]},{"i":{"x":[0.667,0.667],"y":[1,1]},"o":{"x":[0.333,0.333],"y":[0,0]},"t":864,"s":[133,133]},{"i":{"x":[0.833,0.833],"y":[1,1]},"o":{"x":[0.167,0.167],"y":[0,0]},"t":879,"s":[100,100]},{"i":{"x":[0.833,0.833],"y":[1,1]},"o":{"x":[0.167,0.167],"y":[0,0]},"t":886,"s":[100,100]},{"i":{"x":[0.833,0.833],"y":[1,1]},"o":{"x":[0.167,0.167],"y":[0,0]},"t":902,"s":[134,134]},{"i":{"x":[0.833,0.833],"y":[1,1]},"o":{"x":[0.167,0.167],"y":[0,0]},"t":918,"s":[0,0]},{"i":{"x":[0.833,0.833],"y":[1,1]},"o":{"x":[0.167,0.167],"y":[0,0]},"t":928,"s":[100,100]},{"i":{"x":[0.833,0.833],"y":[1,1]},"o":{"x":[0.167,0.167],"y":[0,0]},"t":944,"s":[134,134]},{"t":960,"s":[0,0]}],"ix":3},"r":{"a":0,"k":0,"ix":6},"o":{"a":0,"k":100,"ix":7},"sk":{"a":0,"k":0,"ix":4},"sa":{"a":0,"k":0,"ix":5},"nm":"Transform"}],"nm":"Group 33","np":2,"cix":2,"bm":0,"ix":2,"mn":"ADBE Vector Group","hd":false},{"ty":"gr","it":[{"ind":0,"ty":"sh","ix":1,"ks":{"a":0,"k":{"i":[[-4.642,0.019],[-11.21,-12.63],[-1.196,-11.477],[24.339,-6.276],[13.174,13.26],[2.557,10.129],[-29.404,6.838]],"o":[[16.985,0.118],[7.7,8.676],[3.08,29.544],[-19.53,5.037],[-7.349,-7.398],[-7.695,-30.476],[4.327,-1.006]],"v":[[1.123,-57.053],[43.268,-37.596],[56.722,-7.276],[15.92,52.017],[-36.968,37.518],[-52.107,11.432],[-11.418,-55.658]],"c":true},"ix":2},"nm":"Path 1","mn":"ADBE Vector Shape - Group","hd":false},{"ty":"fl","c":{"a":0,"k":[0.008000000785,0.536999990426,0.642999985639,1],"ix":4},"o":{"a":0,"k":100,"ix":5},"r":1,"bm":0,"nm":"Fill 1","mn":"ADBE Vector Graphic - Fill","hd":false},{"ty":"tr","p":{"a":0,"k":[2225.788,3051.11],"ix":2},"a":{"a":0,"k":[0,0],"ix":1},"s":{"a":1,"k":[{"i":{"x":[0.667,0.667],"y":[1,1]},"o":{"x":[0.333,0.333],"y":[0,0]},"t":0,"s":[0,0]},{"i":{"x":[0.667,0.667],"y":[1,1]},"o":{"x":[0.333,0.333],"y":[0,0]},"t":25,"s":[133,133]},{"i":{"x":[0.833,0.833],"y":[1,1]},"o":{"x":[0.167,0.167],"y":[0,0]},"t":40,"s":[100,100]},{"i":{"x":[0.833,0.833],"y":[1,1]},"o":{"x":[0.167,0.167],"y":[0,0]},"t":89,"s":[100,100]},{"i":{"x":[0.833,0.833],"y":[1,1]},"o":{"x":[0.167,0.167],"y":[0,0]},"t":105,"s":[134,134]},{"i":{"x":[0.833,0.833],"y":[1,1]},"o":{"x":[0.167,0.167],"y":[0,0]},"t":130,"s":[0,0]},{"i":{"x":[0.667,0.667],"y":[1,1]},"o":{"x":[0.333,0.333],"y":[0,0]},"t":165,"s":[0,0]},{"i":{"x":[0.667,0.667],"y":[1,1]},"o":{"x":[0.333,0.333],"y":[0,0]},"t":190,"s":[133,133]},{"i":{"x":[0.833,0.833],"y":[1,1]},"o":{"x":[0.167,0.167],"y":[0,0]},"t":205,"s":[100,100]},{"i":{"x":[0.833,0.833],"y":[1,1]},"o":{"x":[0.167,0.167],"y":[0,0]},"t":254,"s":[100,100]},{"i":{"x":[0.833,0.833],"y":[1,1]},"o":{"x":[0.167,0.167],"y":[0,0]},"t":270,"s":[134,134]},{"i":{"x":[0.833,0.833],"y":[1,1]},"o":{"x":[0.167,0.167],"y":[0,0]},"t":295,"s":[0,0]},{"i":{"x":[0.667,0.667],"y":[1,1]},"o":{"x":[0.333,0.333],"y":[0,0]},"t":330,"s":[0,0]},{"i":{"x":[0.667,0.667],"y":[1,1]},"o":{"x":[0.333,0.333],"y":[0,0]},"t":355,"s":[133,133]},{"i":{"x":[0.833,0.833],"y":[1,1]},"o":{"x":[0.167,0.167],"y":[0,0]},"t":370,"s":[100,100]},{"i":{"x":[0.833,0.833],"y":[1,1]},"o":{"x":[0.167,0.167],"y":[0,0]},"t":419,"s":[100,100]},{"i":{"x":[0.833,0.833],"y":[1,1]},"o":{"x":[0.167,0.167],"y":[0,0]},"t":435,"s":[134,134]},{"i":{"x":[0.833,0.833],"y":[1,1]},"o":{"x":[0.167,0.167],"y":[0,0]},"t":460,"s":[0,0]},{"i":{"x":[0.667,0.667],"y":[1,1]},"o":{"x":[0.333,0.333],"y":[0,0]},"t":496,"s":[0,0]},{"i":{"x":[0.667,0.667],"y":[1,1]},"o":{"x":[0.333,0.333],"y":[0,0]},"t":521,"s":[133,133]},{"i":{"x":[0.833,0.833],"y":[1,1]},"o":{"x":[0.167,0.167],"y":[0,0]},"t":536,"s":[100,100]},{"i":{"x":[0.833,0.833],"y":[1,1]},"o":{"x":[0.167,0.167],"y":[0,0]},"t":585,"s":[100,100]},{"i":{"x":[0.833,0.833],"y":[1,1]},"o":{"x":[0.167,0.167],"y":[0,0]},"t":601,"s":[134,134]},{"i":{"x":[0.833,0.833],"y":[1,1]},"o":{"x":[0.167,0.167],"y":[0,0]},"t":626,"s":[0,0]},{"i":{"x":[0.667,0.667],"y":[1,1]},"o":{"x":[0.333,0.333],"y":[0,0]},"t":660,"s":[0,0]},{"i":{"x":[0.667,0.667],"y":[1,1]},"o":{"x":[0.333,0.333],"y":[0,0]},"t":685,"s":[133,133]},{"i":{"x":[0.833,0.833],"y":[1,1]},"o":{"x":[0.167,0.167],"y":[0,0]},"t":700,"s":[100,100]},{"i":{"x":[0.833,0.833],"y":[1,1]},"o":{"x":[0.167,0.167],"y":[0,0]},"t":749,"s":[100,100]},{"i":{"x":[0.833,0.833],"y":[1,1]},"o":{"x":[0.167,0.167],"y":[0,0]},"t":765,"s":[134,134]},{"i":{"x":[0.833,0.833],"y":[1,1]},"o":{"x":[0.167,0.167],"y":[0,0]},"t":790,"s":[0,0]},{"i":{"x":[0.667,0.667],"y":[1,1]},"o":{"x":[0.333,0.333],"y":[0,0]},"t":825,"s":[0,0]},{"i":{"x":[0.667,0.667],"y":[1,1]},"o":{"x":[0.333,0.333],"y":[0,0]},"t":850,"s":[133,133]},{"i":{"x":[0.833,0.833],"y":[1,1]},"o":{"x":[0.167,0.167],"y":[0,0]},"t":865,"s":[100,100]},{"i":{"x":[0.833,0.833],"y":[1,1]},"o":{"x":[0.167,0.167],"y":[0,0]},"t":871,"s":[100,100]},{"i":{"x":[0.833,0.833],"y":[1,1]},"o":{"x":[0.167,0.167],"y":[0,0]},"t":887,"s":[134,134]},{"i":{"x":[0.833,0.833],"y":[1,1]},"o":{"x":[0.167,0.167],"y":[0,0]},"t":912,"s":[0,0]},{"i":{"x":[0.833,0.833],"y":[1,1]},"o":{"x":[0.167,0.167],"y":[0,0]},"t":930,"s":[134,134]},{"t":955,"s":[0,0]}],"ix":3},"r":{"a":0,"k":0,"ix":6},"o":{"a":0,"k":100,"ix":7},"sk":{"a":0,"k":0,"ix":4},"sa":{"a":0,"k":0,"ix":5},"nm":"Transform"}],"nm":"Group 34","np":2,"cix":2,"bm":0,"ix":3,"mn":"ADBE Vector Group","hd":false},{"ty":"gr","it":[{"ind":0,"ty":"sh","ix":1,"ks":{"a":0,"k":{"i":[[0,-44.791],[0,0],[0.03,-7.553],[-0.386,-2.26],[-14.628,5.195],[-0.756,11.532],[0,2.458],[-0.001,88.704],[-0.019,1.756],[-0.574,0.453],[-2.503,1.35],[-2.444,-0.162],[-0.696,-0.086],[-4.532,-0.539],[-4.006,-0.495],[-6.97,-0.84],[-7.149,-0.825],[-3.658,-0.456],[-4.182,-0.494],[-7.145,-0.861],[-7.318,-0.878],[-7.322,-0.86],[-8.538,-1.031],[-3.482,-0.438],[-4.185,-0.465],[-2.102,0.028],[-4.626,7.323],[0.92,5.58],[10.258,1.01],[6.62,0.808],[7.143,0.86],[7.148,0.828],[3.657,0.456],[4.182,0.496],[4.355,0.531],[7.143,0.857],[7.321,0.859],[8.711,1.054],[3.484,0.434],[4.356,0.517],[4.186,0.482],[2.612,0.331],[0.871,0.098],[0.7,1.128],[3.92,3.058],[14.149,-10.251],[0.035,-14.189],[-8.091,-8.075],[-0.927,-0.807],[0.004,-1.127],[0,-1.581]],"o":[[0,0],[0,7.552],[-0.009,2.294],[2.234,13.048],[7.591,-2.695],[0.161,-2.45],[0.003,-88.704],[0,-1.756],[0.008,-0.725],[2.193,-1.73],[2.445,0.145],[0.699,0.047],[4.528,0.559],[4.009,0.476],[6.967,0.862],[7.144,0.86],[3.661,0.424],[4.18,0.521],[7.147,0.844],[7.318,0.881],[7.319,0.878],[8.54,1.005],[3.485,0.421],[4.18,0.524],[2.09,0.231],[8.809,-0.116],[3.002,-4.752],[-1.995,-12.082],[-6.637,-0.652],[-7.143,-0.873],[-7.145,-0.861],[-3.662,-0.425],[-4.18,-0.523],[-4.358,-0.517],[-7.143,-0.87],[-7.319,-0.877],[-8.716,-1.024],[-3.485,-0.422],[-4.353,-0.541],[-4.184,-0.497],[-2.615,-0.3],[-0.87,-0.11],[-1.322,-0.146],[-2.617,-4.218],[-14.842,-11.582],[-11.445,8.292],[-0.028,11.497],[0.87,0.867],[0.847,0.738],[-0.006,1.581],[0.001,44.791]],"v":[[-24.25,177.172],[-24.25,291.521],[-24.26,314.179],[-23.643,320.984],[7.748,338.986],[23.767,317.474],[23.846,310.099],[23.85,43.988],[23.888,38.72],[24.647,36.833],[31.125,31.522],[38.461,31.963],[40.55,32.231],[54.137,33.9],[66.169,35.278],[87.063,37.924],[108.511,40.377],[119.488,41.708],[132.023,43.295],[153.47,45.768],[175.412,48.514],[197.384,51.032],[222.998,54.112],[233.45,55.397],[245.987,56.974],[252.295,57.32],[272.387,45.807],[275.601,30.141],[253.924,9.654],[234.05,7.345],[212.633,4.648],[191.186,2.188],[180.209,0.854],[167.673,-0.732],[154.59,-2.197],[133.173,-4.888],[111.2,-7.398],[85.062,-10.537],[74.611,-11.838],[61.549,-13.453],[48.991,-14.88],[41.151,-15.823],[38.555,-16.26],[35.58,-18.167],[25.8,-29.107],[-23.299,-30.23],[-40.58,3.539],[-28.269,32.809],[-25.55,35.298],[-24.271,38.057],[-24.251,42.799]],"c":true},"ix":2},"nm":"Path 1","mn":"ADBE Vector Shape - Group","hd":false},{"ind":1,"ty":"sh","ix":2,"ks":{"a":0,"k":{"i":[[211.798,-0.109],[-1.208,210.746],[-212.881,-0.082],[0.189,-215.398]],"o":[[-215.123,-0.255],[0.132,-210.96],[209.91,0.081],[-0.186,213.426]],"v":[[0.44,384.929],[-384.295,-1.185],[0.761,-384.847],[385.313,0.451]],"c":true},"ix":2},"nm":"Path 2","mn":"ADBE Vector Shape - Group","hd":false},{"ty":"mm","mm":1,"nm":"Merge Paths 1","mn":"ADBE Vector Filter - Merge","hd":false},{"ty":"fl","c":{"a":0,"k":[0,0.532999973671,0.638999968884,1],"ix":4},"o":{"a":0,"k":100,"ix":5},"r":1,"bm":0,"nm":"Fill 1","mn":"ADBE Vector Graphic - Fill","hd":false},{"ty":"tr","p":{"a":0,"k":[2596.163,2701.146],"ix":2},"a":{"a":0,"k":[0,0],"ix":1},"s":{"a":0,"k":[100,100],"ix":3},"r":{"a":0,"k":0,"ix":6},"o":{"a":0,"k":100,"ix":7},"sk":{"a":0,"k":0,"ix":4},"sa":{"a":0,"k":0,"ix":5},"nm":"Transform"}],"nm":"Group 35","np":4,"cix":2,"bm":0,"ix":4,"mn":"ADBE Vector Group","hd":false},{"ty":"gr","it":[{"ind":0,"ty":"sh","ix":1,"ks":{"a":0,"k":{"i":[[0,0],[-0.174,0.703],[-0.119,1.039],[-11.015,9.425],[-9.686,8.128],[-40.763,34.203],[-23.787,20.009],[-8.902,2.106],[-13.206,-14.314],[-0.79,-0.942],[-14.231,-16.944],[-2.191,-7.914],[15.764,-13.534],[6.592,-5.531],[52.065,-43.684],[15.448,-13.008],[5.147,-2.373],[15.52,17.679],[1.58,1.884],[13.015,15.443],[2.223,7.712],[0.247,2.995],[0.27,1.193],[0.689,0.29]],"o":[[0.677,-0.31],[0.251,-1.016],[1.643,-14.449],[9.607,-8.22],[40.762,-34.204],[23.812,-19.981],[6.973,-5.865],[19.34,-4.575],[0.833,0.904],[14.225,16.949],[5.274,6.279],[5.615,20.286],[-6.528,5.605],[-52.063,43.686],[-15.471,12.982],[-4.319,3.637],[-22.869,10.546],[-1.622,-1.848],[-12.983,-15.469],[-5.163,-6.127],[-0.826,-2.866],[-0.101,-1.214],[-0.159,-0.706],[0,0]],"v":[[-191.075,65.171],[-189.758,63.631],[-189.161,60.544],[-170.112,24.716],[-141.074,0.31],[-18.786,-102.302],[52.641,-162.253],[76.304,-174.362],[129.18,-158.284],[131.61,-155.51],[174.28,-104.658],[185.46,-83.4],[168.466,-27.509],[148.712,-10.889],[-7.481,120.166],[-53.884,159.122],[-67.893,168.391],[-132.305,154.879],[-137.065,149.244],[-176.022,102.842],[-187.302,82.214],[-189.107,73.464],[-189.742,69.85],[-191.075,68.334]],"c":true},"ix":2},"nm":"Path 1","mn":"ADBE Vector Shape - Group","hd":false},{"ty":"fl","c":{"a":0,"k":[0.008000000785,0.231000010173,0.33300000359,1],"ix":4},"o":{"a":0,"k":100,"ix":5},"r":1,"bm":0,"nm":"Fill 1","mn":"ADBE Vector Graphic - Fill","hd":false},{"ty":"tr","p":{"a":0,"k":[2145.933,2198.619],"ix":2},"a":{"a":0,"k":[0,0],"ix":1},"s":{"a":0,"k":[100,100],"ix":3},"r":{"a":0,"k":0,"ix":6},"o":{"a":0,"k":100,"ix":7},"sk":{"a":0,"k":0,"ix":4},"sa":{"a":0,"k":0,"ix":5},"nm":"Transform"}],"nm":"Group 43","np":2,"cix":2,"bm":0,"ix":5,"mn":"ADBE Vector Group","hd":false},{"ty":"gr","it":[{"ind":0,"ty":"sh","ix":1,"ks":{"a":0,"k":{"i":[[-0.307,-2.225],[1.022,-4.806],[5.027,-11.634],[11.743,-5.246],[7.658,0.145],[9.04,6.262],[7.914,5.541],[79.423,55.612],[1.539,1.165],[3.342,11.934],[-14.091,12.846],[-26.834,8.7],[-11.027,1.272],[-2.439,0.312],[-2.076,0],[-0.693,-0.001],[-4.181,0.028],[-0.864,0.072],[-2.406,0.45],[-2.269,-0.234],[-7.353,-1.729],[-16.934,-8.657],[-21.132,-18.726],[-10.307,-13.875],[-6.068,-25.671],[-0.099,-5.84],[-1.252,-1.624],[0,0]],"o":[[-0.1,4.949],[-2.637,12.395],[-5.103,11.81],[-7.021,3.136],[-11.039,-0.21],[-7.942,-5.5],[-79.424,-55.613],[-1.583,-1.109],[-9.833,-7.443],[-5.164,-18.448],[20.783,-18.946],[10.55,-3.42],[2.442,-0.282],[2.081,0.486],[0.693,0.056],[4.181,0.008],[0.865,-0.006],[2.397,-0.004],[2.262,0.311],[7.525,0.774],[18.551,4.362],[25.148,12.857],[12.92,11.45],[15.679,21.106],[1.331,5.633],[-0.374,1.906],[0,0],[-1.355,1.975]],"v":[[191.075,82.664],[188.863,97.221],[177.462,133.31],[152.075,158.831],[130.025,163.112],[99.941,153.259],[76.197,136.64],[-162.075,-30.198],[-166.815,-33.535],[-186.873,-62.429],[-172.854,-113.022],[-101.737,-155.017],[-69.404,-162.186],[-62.088,-163.119],[-55.862,-163.183],[-53.783,-163.023],[-41.24,-163.047],[-38.646,-163.253],[-31.458,-163.107],[-24.673,-162.188],[-2.404,-158.19],[50.721,-138.341],[120.087,-90.849],[155.08,-52.988],[188.309,16.896],[191.106,34.009],[192.037,39.372],[192.037,76.273]],"c":true},"ix":2},"nm":"Path 1","mn":"ADBE Vector Shape - Group","hd":false},{"ty":"fl","c":{"a":0,"k":[0.008000000785,0.226999993418,0.33300000359,1],"ix":4},"o":{"a":0,"k":100,"ix":5},"r":1,"bm":0,"nm":"Fill 1","mn":"ADBE Vector Graphic - Fill","hd":false},{"ty":"tr","p":{"a":0,"k":[2998.48,2174.865],"ix":2},"a":{"a":0,"k":[0,0],"ix":1},"s":{"a":0,"k":[100,100],"ix":3},"r":{"a":0,"k":0,"ix":6},"o":{"a":0,"k":100,"ix":7},"sk":{"a":0,"k":0,"ix":4},"sa":{"a":0,"k":0,"ix":5},"nm":"Transform"}],"nm":"Group 44","np":2,"cix":2,"bm":0,"ix":6,"mn":"ADBE Vector Group","hd":false},{"ty":"gr","it":[{"ind":0,"ty":"sh","ix":1,"ks":{"a":0,"k":{"i":[[4.448,-0.23],[7.006,5.26],[2.621,14.645],[-24.405,5.513],[-5.483,-0.332],[-11.068,0.163],[-9.455,0.823],[-7.463,1.127],[-7.903,1.637],[-23.02,9.249],[-41.364,41.463],[-21.611,55.232],[-4.813,23.607],[-1.244,9.585],[-0.637,12.112],[0.232,9.486],[0.815,9.634],[1.103,7.822],[3.155,12.971],[26.442,40.506],[66.724,34.736],[34.945,7.901],[11.482,1.616],[9.811,0.764],[18.439,-0.788],[6.811,-0.706],[6.767,-1.024],[10.931,-2.609],[38.147,-23.093],[34.854,-81.616],[5.718,-26.671],[1.473,-11.327],[0.762,-8.57],[0.2,-3.685],[0.256,-2.974],[20.135,-8.006],[7.683,32.252],[-0.32,5.652],[-0.309,4.204],[-0.625,6.997],[-0.408,3.665],[-2.583,13.277],[-7.206,21.486],[-36.619,47.391],[-71.657,36.692],[-41.911,9.781],[-12.478,2.045],[-9.244,1.061],[-6.119,0.58],[-10.885,0.26],[-6.849,-0.114],[-2.985,-0.078],[-9.276,-0.821],[-7.647,-1.08],[-8.795,-1.661],[-15.533,-4.457],[-53.844,-41.58],[-36.785,-73.044],[-9.472,-38.328],[-2.395,-14.908],[-1.007,-9.257],[0.549,-23.736],[0.913,-9.799],[0.582,-5.236],[0.953,-6.247],[1.311,-7.255],[4.969,-16.845],[47.287,-56.504],[94.757,-32.718],[22.39,-4.554],[11.476,-1.587],[7.684,-0.809],[3.322,-0.303],[0.332,-0.016],[5.324,-0.29],[0.668,-0.161],[0,0],[0.486,0.028]],"o":[[-8.627,-1.493],[-11.937,-8.962],[-4.496,-32.608],[5.346,-1.207],[11.056,0.67],[9.49,-0.14],[7.529,-0.655],[7.982,-1.205],[24.287,-5.027],[54.343,-21.833],[41.881,-41.982],[8.783,-22.446],[1.928,-9.459],[1.563,-12.027],[0.499,-9.483],[-0.237,-9.657],[-0.667,-7.882],[-1.866,-13.216],[-11.431,-46.999],[-41.11,-62.974],[-31.764,-16.537],[-11.307,-2.556],[-9.743,-1.372],[-18.428,-1.435],[-6.837,0.292],[-6.811,0.708],[-11.109,1.684],[-43.36,10.349],[-76.032,46.027],[-10.717,25.097],[-2.392,11.157],[-1.11,8.54],[-0.326,3.672],[-0.163,2.98],[-1.582,18.41],[-31.498,12.525],[-1.311,-5.507],[0.237,-4.209],[0.515,-7.006],[0.327,-3.673],[1.495,-13.445],[4.329,-22.259],[19.042,-56.773],[49.215,-63.695],[38.297,-19.61],[12.314,-2.874],[9.19,-1.506],[6.103,-0.702],[10.857,-1.029],[6.844,-0.163],[2.986,0.049],[9.314,0.247],[7.702,0.682],[8.862,1.252],[15.872,2.997],[65.399,18.767],[64.735,49.989],[17.75,35.246],[3.624,14.667],[1.476,9.185],[2.573,23.621],[-0.227,9.835],[-0.49,5.246],[-0.7,6.282],[-1.112,7.287],[-3.122,17.288],[-20.852,70.682],[-64.299,76.832],[-21.596,7.456],[-11.361,2.311],[-7.65,1.058],[-3.316,0.348],[-0.336,-0.073],[-5.326,0.243],[-0.675,0.037],[0,0],[-0.478,-0.181],[-4.429,-0.255]],"v":[[-34.508,533.847],[-58.02,523.815],[-79.651,488.256],[-37.96,426.199],[-21.75,424.846],[11.447,425.233],[39.845,423.502],[62.338,420.84],[86.19,416.624],[157.188,395.277],[300.817,300.394],[396.061,154.555],[416.388,85.445],[421.142,56.876],[424.418,20.68],[424.926,-7.769],[423.36,-36.706],[420.716,-60.263],[413.212,-99.561],[356.583,-230.94],[194.842,-377.608],[94.734,-414.201],[60.569,-420.511],[31.246,-423.688],[-24.058,-424.276],[-44.531,-422.548],[-64.92,-420.046],[-98.002,-413.648],[-220.277,-363.528],[-391.319,-166.654],[-415.937,-88.987],[-421.69,-55.251],[-424.313,-29.571],[-424.843,-18.515],[-425.456,-9.58],[-459.591,35.576],[-533.417,-2.579],[-534.912,-19.309],[-534.247,-31.941],[-532.515,-52.944],[-531.32,-63.942],[-525.009,-103.99],[-507.693,-169.613],[-424.322,-325.97],[-242.999,-476.597],[-122.678,-520.686],[-85.493,-528.031],[-57.83,-531.78],[-39.456,-533.342],[-6.817,-534.772],[13.732,-534.555],[22.687,-534.257],[50.547,-532.362],[73.576,-529.724],[100.081,-525.388],[147.191,-514.199],[326.14,-423.781],[478.395,-239.138],[519.176,-128.743],[528.226,-84.386],[531.851,-56.708],[534.683,14.332],[533.007,43.791],[531.559,59.532],[529.167,78.344],[525.432,100.144],[513.175,151.322],[411.181,342.321],[172.541,506.722],[106.536,524.618],[72.276,530.446],[49.236,532.979],[39.272,533.894],[38.264,533.687],[22.288,534.47],[20.284,534.935],[-19.78,534.935],[-21.214,534.415]],"c":true},"ix":2},"nm":"Path 1","mn":"ADBE Vector Shape - Group","hd":false},{"ty":"fl","c":{"a":0,"k":[0.008000000785,0.231000010173,0.337000020345,1],"ix":4},"o":{"a":0,"k":100,"ix":5},"r":1,"bm":0,"nm":"Fill 1","mn":"ADBE Vector Graphic - Fill","hd":false},{"ty":"tr","p":{"a":0,"k":[2596.685,2700.936],"ix":2},"a":{"a":0,"k":[0,0],"ix":1},"s":{"a":0,"k":[100,100],"ix":3},"r":{"a":0,"k":0,"ix":6},"o":{"a":0,"k":100,"ix":7},"sk":{"a":0,"k":0,"ix":4},"sa":{"a":0,"k":0,"ix":5},"nm":"Transform"}],"nm":"Group 45","np":2,"cix":2,"bm":0,"ix":7,"mn":"ADBE Vector Group","hd":false},{"ty":"gr","it":[{"ind":0,"ty":"sh","ix":1,"ks":{"a":0,"k":{"i":[[0,-429.954],[429.954,0],[0,429.954],[-429.954,0]],"o":[[0,429.954],[-429.954,0],[0,-429.954],[429.954,0]],"v":[[778.5,0],[0,778.5],[-778.5,0],[0,-778.5]],"c":true},"ix":2},"nm":"Path 1","mn":"ADBE Vector Shape - Group","hd":false},{"ty":"fl","c":{"a":0,"k":[0.948999980852,0.948999980852,0.948999980852,1],"ix":4},"o":{"a":0,"k":100,"ix":5},"r":1,"bm":0,"nm":"Fill 1","mn":"ADBE Vector Graphic - Fill","hd":false},{"ty":"tr","p":{"a":0,"k":[2585.625,2610.375],"ix":2},"a":{"a":0,"k":[0,0],"ix":1},"s":{"a":0,"k":[100,100],"ix":3},"r":{"a":0,"k":0,"ix":6},"o":{"a":0,"k":100,"ix":7},"sk":{"a":0,"k":0,"ix":4},"sa":{"a":0,"k":0,"ix":5},"nm":"Transform"}],"nm":"Group 46","np":2,"cix":2,"bm":0,"ix":8,"mn":"ADBE Vector Group","hd":false},{"ty":"gr","it":[{"ty":"tr","p":{"a":0,"k":[0,0],"ix":2},"a":{"a":0,"k":[0,0],"ix":1},"s":{"a":1,"k":[{"i":{"x":[0.833,0.833],"y":[1,1]},"o":{"x":[0.167,0.167],"y":[0,0]},"t":880,"s":[100,100]},{"i":{"x":[0.833,0.833],"y":[1,1]},"o":{"x":[0.167,0.167],"y":[0,0]},"t":896,"s":[134,134]},{"t":911,"s":[0,0]}],"ix":3},"r":{"a":0,"k":0,"ix":6},"o":{"a":0,"k":100,"ix":7},"sk":{"a":0,"k":0,"ix":4},"sa":{"a":0,"k":0,"ix":5},"nm":"Transform"}],"nm":"Group 48","np":0,"cix":2,"bm":0,"ix":10,"mn":"ADBE Vector Group","hd":false},{"ty":"gr","it":[{"ty":"tr","p":{"a":0,"k":[0,0],"ix":2},"a":{"a":0,"k":[0,0],"ix":1},"s":{"a":1,"k":[{"i":{"x":[0.833,0.833],"y":[1,1]},"o":{"x":[0.167,0.167],"y":[0,0]},"t":894,"s":[100,100]},{"i":{"x":[0.833,0.833],"y":[1,1]},"o":{"x":[0.167,0.167],"y":[0,0]},"t":910,"s":[134,134]},{"t":926,"s":[0,0]}],"ix":3},"r":{"a":0,"k":0,"ix":6},"o":{"a":0,"k":100,"ix":7},"sk":{"a":0,"k":0,"ix":4},"sa":{"a":0,"k":0,"ix":5},"nm":"Transform"}],"nm":"Group 49","np":0,"cix":2,"bm":0,"ix":11,"mn":"ADBE Vector Group","hd":false},{"ty":"gr","it":[{"ty":"tr","p":{"a":0,"k":[0,0],"ix":2},"a":{"a":0,"k":[0,0],"ix":1},"s":{"a":1,"k":[{"i":{"x":[0.833,0.833],"y":[1,1]},"o":{"x":[0.167,0.167],"y":[0,0]},"t":880,"s":[100,100]},{"i":{"x":[0.833,0.833],"y":[1,1]},"o":{"x":[0.167,0.167],"y":[0,0]},"t":896,"s":[134,134]},{"t":921,"s":[0,0]}],"ix":3},"r":{"a":0,"k":0,"ix":6},"o":{"a":0,"k":100,"ix":7},"sk":{"a":0,"k":0,"ix":4},"sa":{"a":0,"k":0,"ix":5},"nm":"Transform"}],"nm":"Group 50","np":0,"cix":2,"bm":0,"ix":12,"mn":"ADBE Vector Group","hd":false}],"ip":0,"op":919,"st":0,"bm":0}]},{"id":"comp_3","layers":[{"ddd":0,"ind":1,"ty":4,"nm":"Shape Layer 1","sr":1,"ks":{"o":{"a":0,"k":100,"ix":11},"r":{"a":0,"k":0,"ix":10},"p":{"a":1,"k":[{"i":{"x":0.635,"y":1},"o":{"x":0.997,"y":0},"t":0,"s":[-300,999.5,0],"to":[0,0,0],"ti":[0,0,0]},{"i":{"x":0.99,"y":1},"o":{"x":0.333,"y":0},"t":122.121,"s":[2200,1000,0],"to":[0,0,0],"ti":[0,0,0]},{"i":{"x":0.99,"y":0.99},"o":{"x":0.997,"y":0.997},"t":212.213,"s":[-300,999.5,0],"to":[0,0,0],"ti":[0,0,0]},{"i":{"x":0.635,"y":1},"o":{"x":0.997,"y":0},"t":240.24,"s":[-300,999.5,0],"to":[0,0,0],"ti":[0,0,0]},{"i":{"x":0.99,"y":1},"o":{"x":0.333,"y":0},"t":348.348,"s":[2200,1000,0],"to":[0,0,0],"ti":[0,0,0]},{"i":{"x":0.99,"y":0.99},"o":{"x":0.997,"y":0.997},"t":464.465,"s":[-300,999.5,0],"to":[0,0,0],"ti":[0,0,0]},{"i":{"x":0.635,"y":1},"o":{"x":0.997,"y":0},"t":482.483,"s":[-300,999.5,0],"to":[0,0,0],"ti":[0,0,0]},{"i":{"x":0.99,"y":1},"o":{"x":0.333,"y":0},"t":572.572,"s":[2200,1000,0],"to":[0,0,0],"ti":[0,0,0]},{"i":{"x":0.99,"y":0.99},"o":{"x":0.997,"y":0.997},"t":686.688,"s":[-300,999.5,0],"to":[0,0,0],"ti":[0,0,0]},{"i":{"x":0.635,"y":1},"o":{"x":0.997,"y":0},"t":712.713,"s":[-300,999.5,0],"to":[0,0,0],"ti":[0,0,0]},{"i":{"x":0.99,"y":1},"o":{"x":0.333,"y":0},"t":810.811,"s":[2200,1000,0],"to":[0,0,0],"ti":[0,0,0]},{"t":900.900537256006,"s":[-300,999.5,0]}],"ix":2},"a":{"a":0,"k":[1.75,16.75,0],"ix":1},"s":{"a":0,"k":[1300,1300,100],"ix":6}},"ao":0,"shapes":[{"ty":"gr","it":[{"d":1,"ty":"el","s":{"a":0,"k":[12.5,12.5],"ix":2},"p":{"a":0,"k":[0,0],"ix":3},"nm":"Ellipse Path 1","mn":"ADBE Vector Shape - Ellipse","hd":false},{"ty":"fl","c":{"a":0,"k":[0.258823543787,0.521568655968,0.956862747669,1],"ix":4},"o":{"a":0,"k":100,"ix":5},"r":1,"bm":0,"nm":"Fill 1","mn":"ADBE Vector Graphic - Fill","hd":false},{"ty":"tr","p":{"a":0,"k":[1.75,16.75],"ix":2},"a":{"a":0,"k":[0,0],"ix":1},"s":{"a":0,"k":[100,100],"ix":3},"r":{"a":0,"k":0,"ix":6},"o":{"a":0,"k":100,"ix":7},"sk":{"a":0,"k":0,"ix":4},"sa":{"a":0,"k":0,"ix":5},"nm":"Transform"}],"nm":"Ellipse 1","np":2,"cix":2,"bm":0,"ix":1,"mn":"ADBE Vector Group","hd":false}],"ip":0,"op":136.136136136136,"st":6.00600600600601,"bm":0},{"ddd":0,"ind":2,"ty":4,"nm":"Shape Layer 27","sr":1,"ks":{"o":{"a":0,"k":100,"ix":11},"r":{"a":0,"k":0,"ix":10},"p":{"a":1,"k":[{"i":{"x":0.635,"y":1},"o":{"x":0.997,"y":0},"t":18.018,"s":[-300,999.5,0],"to":[0,0,0],"ti":[0,0,0]},{"i":{"x":0.99,"y":1},"o":{"x":0.333,"y":0},"t":128.129,"s":[2200,1000,0],"to":[0,0,0],"ti":[0,0,0]},{"i":{"x":0.99,"y":0.99},"o":{"x":0.997,"y":0.997},"t":222.223,"s":[-300,999.5,0],"to":[0,0,0],"ti":[0,0,0]},{"i":{"x":0.635,"y":1},"o":{"x":0.997,"y":0},"t":252.252,"s":[-300,999.5,0],"to":[0,0,0],"ti":[0,0,0]},{"i":{"x":0.99,"y":1},"o":{"x":0.333,"y":0},"t":354.354,"s":[2200,1000,0],"to":[0,0,0],"ti":[0,0,0]},{"i":{"x":0.99,"y":0.99},"o":{"x":0.997,"y":0.997},"t":464.465,"s":[-300,999.5,0],"to":[0,0,0],"ti":[0,0,0]},{"i":{"x":0.635,"y":1},"o":{"x":0.997,"y":0},"t":500.5,"s":[-300,999.5,0],"to":[0,0,0],"ti":[0,0,0]},{"i":{"x":0.99,"y":1},"o":{"x":0.333,"y":0},"t":580.58,"s":[2200,1000,0],"to":[0,0,0],"ti":[0,0,0]},{"i":{"x":0.99,"y":0.99},"o":{"x":0.997,"y":0.997},"t":686.688,"s":[-300,999.5,0],"to":[0,0,0],"ti":[0,0,0]},{"i":{"x":0.635,"y":1},"o":{"x":0.997,"y":0},"t":722.723,"s":[-300,999.5,0],"to":[0,0,0],"ti":[0,0,0]},{"i":{"x":0.99,"y":1},"o":{"x":0.333,"y":0},"t":818.819,"s":[2200,1000,0],"to":[0,0,0],"ti":[0,0,0]},{"t":900.900537256006,"s":[-300,999.5,0]}],"ix":2},"a":{"a":0,"k":[1.75,16.75,0],"ix":1},"s":{"a":0,"k":[1300,1300,100],"ix":6}},"ao":0,"shapes":[{"ty":"gr","it":[{"d":1,"ty":"el","s":{"a":0,"k":[12.5,12.5],"ix":2},"p":{"a":0,"k":[0,0],"ix":3},"nm":"Ellipse Path 1","mn":"ADBE Vector Shape - Ellipse","hd":false},{"ty":"fl","c":{"a":0,"k":[0.858823537827,0.266666680574,0.215686276555,1],"ix":4},"o":{"a":0,"k":100,"ix":5},"r":1,"bm":0,"nm":"Fill 1","mn":"ADBE Vector Graphic - Fill","hd":false},{"ty":"tr","p":{"a":0,"k":[1.75,16.75],"ix":2},"a":{"a":0,"k":[0,0],"ix":1},"s":{"a":0,"k":[100,100],"ix":3},"r":{"a":0,"k":0,"ix":6},"o":{"a":0,"k":100,"ix":7},"sk":{"a":0,"k":0,"ix":4},"sa":{"a":0,"k":0,"ix":5},"nm":"Transform"}],"nm":"Ellipse 1","np":2,"cix":2,"bm":0,"ix":1,"mn":"ADBE Vector Group","hd":false}],"ip":0,"op":136.136136136136,"st":6.00600600600601,"bm":0},{"ddd":0,"ind":3,"ty":4,"nm":"Shape Layer 28","sr":1,"ks":{"o":{"a":0,"k":100,"ix":11},"r":{"a":0,"k":0,"ix":10},"p":{"a":1,"k":[{"i":{"x":0.633,"y":1},"o":{"x":0.997,"y":0},"t":34.034,"s":[-300,999.5,0],"to":[0,0,0],"ti":[0,0,0]},{"i":{"x":0.99,"y":1},"o":{"x":0.333,"y":0},"t":136.137,"s":[2200,1000,0],"to":[0,0,0],"ti":[0,0,0]},{"i":{"x":0.99,"y":0.99},"o":{"x":0.997,"y":0.997},"t":228.229,"s":[-300,999.5,0],"to":[0,0,0],"ti":[0,0,0]},{"i":{"x":0.635,"y":1},"o":{"x":0.997,"y":0},"t":264.264,"s":[-300,999.5,0],"to":[0,0,0],"ti":[0,0,0]},{"i":{"x":0.99,"y":1},"o":{"x":0.333,"y":0},"t":362.362,"s":[2200,1000,0],"to":[0,0,0],"ti":[0,0,0]},{"i":{"x":0.99,"y":0.99},"o":{"x":0.997,"y":0.997},"t":472.473,"s":[-300,999.5,0],"to":[0,0,0],"ti":[0,0,0]},{"i":{"x":0.635,"y":1},"o":{"x":0.997,"y":0},"t":508.508,"s":[-300,999.5,0],"to":[0,0,0],"ti":[0,0,0]},{"i":{"x":0.99,"y":1},"o":{"x":0.333,"y":0},"t":586.586,"s":[2200,1000,0],"to":[0,0,0],"ti":[0,0,0]},{"i":{"x":0.99,"y":0.99},"o":{"x":0.997,"y":0.997},"t":694.696,"s":[-300,999.5,0],"to":[0,0,0],"ti":[0,0,0]},{"i":{"x":0.635,"y":1},"o":{"x":0.997,"y":0},"t":728.729,"s":[-300,999.5,0],"to":[0,0,0],"ti":[0,0,0]},{"i":{"x":0.99,"y":1},"o":{"x":0.333,"y":0},"t":826.827,"s":[2200,1000,0],"to":[0,0,0],"ti":[0,0,0]},{"t":908.908545264014,"s":[-300,999.5,0]}],"ix":2},"a":{"a":0,"k":[1.75,16.75,0],"ix":1},"s":{"a":0,"k":[1300,1300,100],"ix":6}},"ao":0,"shapes":[{"ty":"gr","it":[{"d":1,"ty":"el","s":{"a":0,"k":[12.5,12.5],"ix":2},"p":{"a":0,"k":[0,0],"ix":3},"nm":"Ellipse Path 1","mn":"ADBE Vector Shape - Ellipse","hd":false},{"ty":"fl","c":{"a":0,"k":[0.956862747669,0.705882370472,0,1],"ix":4},"o":{"a":0,"k":100,"ix":5},"r":1,"bm":0,"nm":"Fill 1","mn":"ADBE Vector Graphic - Fill","hd":false},{"ty":"tr","p":{"a":0,"k":[1.75,16.75],"ix":2},"a":{"a":0,"k":[0,0],"ix":1},"s":{"a":0,"k":[100,100],"ix":3},"r":{"a":0,"k":0,"ix":6},"o":{"a":0,"k":100,"ix":7},"sk":{"a":0,"k":0,"ix":4},"sa":{"a":0,"k":0,"ix":5},"nm":"Transform"}],"nm":"Ellipse 1","np":2,"cix":2,"bm":0,"ix":1,"mn":"ADBE Vector Group","hd":false}],"ip":0,"op":136.136136136136,"st":14.014014014014,"bm":0},{"ddd":0,"ind":4,"ty":4,"nm":"Shape Layer 26","sr":1,"ks":{"o":{"a":0,"k":100,"ix":11},"r":{"a":0,"k":0,"ix":10},"p":{"a":1,"k":[{"i":{"x":0.99,"y":0.99},"o":{"x":0.997,"y":0.997},"t":0.001,"s":[-300,999.5,0],"to":[0,0,0],"ti":[0,0,0]},{"i":{"x":0.635,"y":1},"o":{"x":0.997,"y":0},"t":50.049,"s":[-300,999.5,0],"to":[0,0,0],"ti":[0,0,0]},{"i":{"x":0.99,"y":1},"o":{"x":0.333,"y":0},"t":142.143,"s":[2200,1000,0],"to":[0,0,0],"ti":[0,0,0]},{"i":{"x":0.99,"y":0.99},"o":{"x":0.997,"y":0.997},"t":234.235,"s":[-300,999.5,0],"to":[0,0,0],"ti":[0,0,0]},{"i":{"x":0.635,"y":1},"o":{"x":0.997,"y":0},"t":274.274,"s":[-300,999.5,0],"to":[0,0,0],"ti":[0,0,0]},{"i":{"x":0.99,"y":1},"o":{"x":0.333,"y":0},"t":368.368,"s":[2200,1000,0],"to":[0,0,0],"ti":[0,0,0]},{"i":{"x":0.99,"y":0.99},"o":{"x":0.997,"y":0.997},"t":480.481,"s":[-300,999.5,0],"to":[0,0,0],"ti":[0,0,0]},{"i":{"x":0.635,"y":1},"o":{"x":0.997,"y":0},"t":516.516,"s":[-300,999.5,0],"to":[0,0,0],"ti":[0,0,0]},{"i":{"x":0.99,"y":1},"o":{"x":0.333,"y":0},"t":596.596,"s":[2200,1000,0],"to":[0,0,0],"ti":[0,0,0]},{"i":{"x":0.99,"y":0.99},"o":{"x":0.997,"y":0.997},"t":702.704,"s":[-300,999.5,0],"to":[0,0,0],"ti":[0,0,0]},{"i":{"x":0.635,"y":1},"o":{"x":0.997,"y":0},"t":736.737,"s":[-300,999.5,0],"to":[0,0,0],"ti":[0,0,0]},{"i":{"x":0.99,"y":1},"o":{"x":0.333,"y":0},"t":834.835,"s":[2200,1000,0],"to":[0,0,0],"ti":[0,0,0]},{"t":916.916553272022,"s":[-300,999.5,0]}],"ix":2},"a":{"a":0,"k":[1.75,16.75,0],"ix":1},"s":{"a":0,"k":[1300,1300,100],"ix":6}},"ao":0,"shapes":[{"ty":"gr","it":[{"d":1,"ty":"el","s":{"a":0,"k":[12.5,12.5],"ix":2},"p":{"a":0,"k":[0,0],"ix":3},"nm":"Ellipse Path 1","mn":"ADBE Vector Shape - Ellipse","hd":false},{"ty":"fl","c":{"a":0,"k":[0.058823529631,0.615686297417,0.345098048449,1],"ix":4},"o":{"a":0,"k":100,"ix":5},"r":1,"bm":0,"nm":"Fill 1","mn":"ADBE Vector Graphic - Fill","hd":false},{"ty":"tr","p":{"a":0,"k":[1.75,16.75],"ix":2},"a":{"a":0,"k":[0,0],"ix":1},"s":{"a":0,"k":[100,100],"ix":3},"r":{"a":0,"k":0,"ix":6},"o":{"a":0,"k":100,"ix":7},"sk":{"a":0,"k":0,"ix":4},"sa":{"a":0,"k":0,"ix":5},"nm":"Transform"}],"nm":"Ellipse 1","np":2,"cix":2,"bm":0,"ix":1,"mn":"ADBE Vector Group","hd":false}],"ip":0,"op":136.136136136136,"st":22.022022022022,"bm":0}]}],"layers":[{"ddd":0,"ind":1,"ty":0,"nm":"Cloud","refId":"comp_0","sr":1,"ks":{"o":{"a":1,"k":[{"i":{"x":[0.833],"y":[0.833]},"o":{"x":[0.167],"y":[0.167]},"t":0,"s":[0]},{"i":{"x":[0.833],"y":[0.833]},"o":{"x":[0.167],"y":[0.167]},"t":47,"s":[100]},{"i":{"x":[0.833],"y":[0.833]},"o":{"x":[0.167],"y":[0.167]},"t":896,"s":[100]},{"t":912,"s":[0]}],"ix":11},"r":{"a":0,"k":0,"ix":10},"p":{"a":1,"k":[{"i":{"x":0.833,"y":0.833},"o":{"x":0.167,"y":0.167},"t":0,"s":[436,480,0],"to":[39.5,0,0],"ti":[-42.667,-3,0]},{"i":{"x":0.833,"y":0.833},"o":{"x":0.167,"y":0.167},"t":48,"s":[673,480,0],"to":[42.667,3,0],"ti":[-1.5,-4.667,0]},{"i":{"x":0.833,"y":0.833},"o":{"x":0.167,"y":0.167},"t":118,"s":[692,498,0],"to":[1.5,4.667,0],"ti":[-1.833,-3.5,0]},{"i":{"x":0.833,"y":0.833},"o":{"x":0.167,"y":0.167},"t":231,"s":[682,508,0],"to":[1.833,3.5,0],"ti":[-1.333,-4.333,0]},{"i":{"x":0.833,"y":0.833},"o":{"x":0.167,"y":0.167},"t":357,"s":[703,519,0],"to":[1.333,4.333,0],"ti":[-11,-10,0]},{"i":{"x":0.833,"y":0.833},"o":{"x":0.167,"y":0.167},"t":515,"s":[690,534,0],"to":[11,10,0],"ti":[-13.167,-7.5,0]},{"t":667,"s":[769,579,0]}],"ix":2},"a":{"a":0,"k":[400,300,0],"ix":1},"s":{"a":0,"k":[-103,100,100],"ix":6}},"ao":0,"w":800,"h":600,"ip":0,"op":960,"st":0,"bm":0},{"ddd":0,"ind":2,"ty":0,"nm":"Cloud","refId":"comp_0","sr":1,"ks":{"o":{"a":1,"k":[{"i":{"x":[0.833],"y":[0.833]},"o":{"x":[0.167],"y":[0.167]},"t":0,"s":[0]},{"i":{"x":[0.833],"y":[0.833]},"o":{"x":[0.167],"y":[0.167]},"t":47,"s":[100]},{"i":{"x":[0.833],"y":[0.833]},"o":{"x":[0.167],"y":[0.167]},"t":896,"s":[100]},{"t":912,"s":[0]}],"ix":11},"r":{"a":0,"k":0,"ix":10},"p":{"a":1,"k":[{"i":{"x":0.833,"y":0.833},"o":{"x":0.167,"y":0.167},"t":0,"s":[1561,536,0],"to":[-38,0,0],"ti":[46.167,2.167,0]},{"i":{"x":0.833,"y":0.833},"o":{"x":0.167,"y":0.167},"t":48,"s":[1333,536,0],"to":[-46.167,-2.167,0],"ti":[3.333,6.167,0]},{"i":{"x":0.833,"y":0.833},"o":{"x":0.167,"y":0.167},"t":118,"s":[1284,523,0],"to":[-3.333,-6.167,0],"ti":[-0.5,-1.5,0]},{"i":{"x":0.833,"y":0.833},"o":{"x":0.167,"y":0.167},"t":231,"s":[1313,499,0],"to":[0.5,1.5,0],"ti":[7.5,-9,0]},{"i":{"x":0.833,"y":0.833},"o":{"x":0.167,"y":0.167},"t":357,"s":[1287,532,0],"to":[-7.5,9,0],"ti":[8.167,-1.333,0]},{"i":{"x":0.833,"y":0.833},"o":{"x":0.167,"y":0.167},"t":515,"s":[1268,553,0],"to":[-8.167,1.333,0],"ti":[5,2.167,0]},{"t":667,"s":[1238,540,0]}],"ix":2},"a":{"a":0,"k":[400,300,0],"ix":1},"s":{"a":0,"k":[100,100,100],"ix":6}},"ao":0,"w":800,"h":600,"ip":0,"op":960,"st":0,"bm":0},{"ddd":0,"ind":3,"ty":0,"nm":"TickTrackGoogleSignIn Outlines Comp 1","refId":"comp_1","sr":1,"ks":{"o":{"a":0,"k":100,"ix":11},"r":{"a":0,"k":0,"ix":10},"p":{"a":0,"k":[1000,391,0],"ix":2},"a":{"a":0,"k":[1000,1000,0],"ix":1},"s":{"a":0,"k":[80,80,100],"ix":6}},"ao":0,"w":2000,"h":2000,"ip":0,"op":912,"st":0,"bm":0},{"ddd":0,"ind":4,"ty":0,"nm":"TickTrack Comp 1","refId":"comp_2","sr":1,"ks":{"o":{"a":0,"k":100,"ix":11},"r":{"a":0,"k":0,"ix":10},"p":{"a":0,"k":[1680,1704,0],"ix":2},"a":{"a":0,"k":[1000,1000,0],"ix":1},"s":{"a":0,"k":[100,100,100],"ix":6}},"ao":0,"w":2000,"h":2000,"ip":0,"op":913,"st":0,"bm":0},{"ddd":0,"ind":5,"ty":0,"nm":"Comp 1","refId":"comp_3","sr":1,"ks":{"o":{"a":0,"k":100,"ix":11},"r":{"a":0,"k":90,"ix":10},"p":{"a":0,"k":[1008,1008,0],"ix":2},"a":{"a":0,"k":[1000,1000,0],"ix":1},"s":{"a":0,"k":[56.2,56.2,100],"ix":6}},"ao":0,"w":2000,"h":2000,"ip":614,"op":749,"st":614,"bm":0},{"ddd":0,"ind":6,"ty":0,"nm":"Comp 1","refId":"comp_3","sr":1,"ks":{"o":{"a":0,"k":100,"ix":11},"r":{"a":0,"k":90,"ix":10},"p":{"a":0,"k":[1008,1004,0],"ix":2},"a":{"a":0,"k":[1000,1000,0],"ix":1},"s":{"a":0,"k":[56.2,56.2,100],"ix":6}},"ao":0,"w":2000,"h":2000,"ip":345,"op":480,"st":345,"bm":0},{"ddd":0,"ind":7,"ty":0,"nm":"Comp 1","refId":"comp_3","sr":1,"ks":{"o":{"a":0,"k":100,"ix":11},"r":{"a":0,"k":270,"ix":10},"p":{"a":0,"k":[1004,1004,0],"ix":2},"a":{"a":0,"k":[1000,1000,0],"ix":1},"s":{"a":0,"k":[56.2,56.2,100],"ix":6}},"ao":0,"w":2000,"h":2000,"ip":480,"op":615,"st":480,"bm":0},{"ddd":0,"ind":8,"ty":0,"nm":"Comp 1","refId":"comp_3","sr":1,"ks":{"o":{"a":0,"k":100,"ix":11},"r":{"a":0,"k":270,"ix":10},"p":{"a":0,"k":[1000,984,0],"ix":2},"a":{"a":0,"k":[1000,1000,0],"ix":1},"s":{"a":0,"k":[56.2,56.2,100],"ix":6}},"ao":0,"w":2000,"h":2000,"ip":211,"op":346,"st":211,"bm":0}],"markers":[]}