{"v":"5.7.1","fr":60,"ip":0,"op":180,"w":2000,"h":2000,"nm":"Comp 1","ddd":0,"assets":[{"id":"comp_0","layers":[{"ddd":0,"ind":1,"ty":4,"nm":"Shape Layer 2","parent":2,"sr":1,"ks":{"o":{"a":0,"k":100,"ix":11},"r":{"a":0,"k":0,"ix":10},"p":{"a":0,"k":[0,0,0],"ix":2},"a":{"a":0,"k":[0,0,0],"ix":1},"s":{"a":0,"k":[1443,1443,100],"ix":6}},"ao":0,"shapes":[{"ty":"gr","it":[{"ind":0,"ty":"sh","ix":1,"ks":{"a":0,"k":{"i":[[0,0],[0,0],[0,0]],"o":[[0,0],[0,0],[0,0]],"v":[[-24.497,0.832],[-8.831,18],[24.497,-18]],"c":false},"ix":2},"nm":"Path 1","mn":"ADBE Vector Shape - Group","hd":false},{"ty":"tm","s":{"a":0,"k":0,"ix":1},"e":{"a":1,"k":[{"i":{"x":[0.26],"y":[1]},"o":{"x":[0.227],"y":[0.154]},"t":42,"s":[0]},{"t":65.61328125,"s":[100]}],"ix":2},"o":{"a":0,"k":0,"ix":3},"m":1,"ix":2,"nm":"Trim Paths 1","mn":"ADBE Vector Filter - Trim","hd":false},{"ty":"st","c":{"a":0,"k":[0,0.533333361149,0.639215707779,1],"ix":3},"o":{"a":0,"k":100,"ix":4},"w":{"a":0,"k":6,"ix":5},"lc":2,"lj":2,"bm":0,"nm":"Stroke 1","mn":"ADBE Vector Graphic - Stroke","hd":false},{"ty":"tr","p":{"a":0,"k":[0,0],"ix":2},"a":{"a":0,"k":[0,0],"ix":1},"s":{"a":0,"k":[100,100],"ix":3},"r":{"a":0,"k":0,"ix":6},"o":{"a":0,"k":100,"ix":7},"sk":{"a":0,"k":0,"ix":4},"sa":{"a":0,"k":0,"ix":5},"nm":"Transform"}],"nm":"Shape 1","np":3,"cix":2,"bm":0,"ix":1,"mn":"ADBE Vector Group","hd":false}],"ip":0,"op":210,"st":0,"bm":0},{"ddd":0,"ind":2,"ty":4,"nm":"frame","sr":1,"ks":{"o":{"a":0,"k":100,"ix":11},"r":{"a":0,"k":0,"ix":10},"p":{"a":0,"k":[1008.5,1008.5,0],"ix":2},"a":{"a":0,"k":[0,0,0],"ix":1},"s":{"a":1,"k":[{"i":{"x":[0,0,0.833],"y":[1,1,1]},"o":{"x":[0.843,0.843,0.72],"y":[0,0,0]},"t":0,"s":[0,0,100]},{"i":{"x":[0.841,0.841,0.88],"y":[1,1,1]},"o":{"x":[1,1,0.66],"y":[0,0,0]},"t":42,"s":[105,105,100]},{"i":{"x":[0.084,0.084,0.42],"y":[1,1,1]},"o":{"x":[0.356,0.356,0.12],"y":[0,0,0]},"t":59.742,"s":[95,95,100]},{"t":71.7421875,"s":[100,100,100]}],"ix":6}},"ao":0,"shapes":[{"ty":"gr","it":[{"d":1,"ty":"el","s":{"a":0,"k":[101,101],"ix":2},"p":{"a":0,"k":[0,0],"ix":3},"nm":"Ellipse Path 1","mn":"ADBE Vector Shape - Ellipse","hd":false},{"ty":"st","c":{"a":0,"k":[0,0.533333361149,0.639215707779,1],"ix":3},"o":{"a":0,"k":100,"ix":4},"w":{"a":0,"k":3,"ix":5},"lc":1,"lj":1,"ml":4,"bm":0,"nm":"Stroke 1","mn":"ADBE Vector Graphic - Stroke","hd":false},{"ty":"tr","p":{"a":0,"k":[-0.199,-0.199],"ix":2},"a":{"a":0,"k":[0,0],"ix":1},"s":{"a":0,"k":[1299,1299],"ix":3},"r":{"a":0,"k":0,"ix":6},"o":{"a":0,"k":100,"ix":7},"sk":{"a":0,"k":0,"ix":4},"sa":{"a":0,"k":0,"ix":5},"nm":"Transform"}],"nm":"Ellipse 1","np":2,"cix":2,"bm":0,"ix":1,"mn":"ADBE Vector Group","hd":false}],"ip":0,"op":210,"st":0,"bm":0},{"ddd":0,"ind":3,"ty":4,"nm":"frame 2","sr":1,"ks":{"o":{"a":0,"k":100,"ix":11},"r":{"a":0,"k":0,"ix":10},"p":{"a":0,"k":[1008.5,1008.5,0],"ix":2},"a":{"a":0,"k":[0,0,0],"ix":1},"s":{"a":0,"k":[1283,1283,100],"ix":6}},"ao":0,"shapes":[{"ty":"gr","it":[{"d":1,"ty":"el","s":{"a":0,"k":[101,101],"ix":2},"p":{"a":0,"k":[0,0],"ix":3},"nm":"Ellipse Path 1","mn":"ADBE Vector Shape - Ellipse","hd":false},{"ty":"st","c":{"a":0,"k":[0,0.533333361149,0.639215707779,1],"ix":3},"o":{"a":0,"k":100,"ix":4},"w":{"a":1,"k":[{"i":{"x":[0.118],"y":[1]},"o":{"x":[0.116],"y":[0]},"t":0,"s":[10]},{"t":44,"s":[0]}],"ix":5},"lc":2,"lj":2,"bm":0,"nm":"Stroke 1","mn":"ADBE Vector Graphic - Stroke","hd":false},{"ty":"tr","p":{"a":0,"k":[-0.199,-0.199],"ix":2},"a":{"a":0,"k":[0,0],"ix":1},"s":{"a":1,"k":[{"i":{"x":[0.118,0.118],"y":[1,1]},"o":{"x":[0.116,0.116],"y":[0,0]},"t":0,"s":[0,0]},{"t":44,"s":[117,117]}],"ix":3},"r":{"a":0,"k":0,"ix":6},"o":{"a":0,"k":100,"ix":7},"sk":{"a":0,"k":0,"ix":4},"sa":{"a":0,"k":0,"ix":5},"nm":"Transform"}],"nm":"Ellipse 1","np":2,"cix":2,"bm":0,"ix":1,"mn":"ADBE Vector Group","hd":false}],"ip":0,"op":210,"st":0,"bm":0}]}],"layers":[{"ddd":0,"ind":1,"ty":0,"nm":"tick","refId":"comp_0","sr":1,"ks":{"o":{"a":0,"k":100,"ix":11},"r":{"a":0,"k":0,"ix":10},"p":{"a":0,"k":[1004,1272,0],"ix":2},"a":{"a":0,"k":[1008.5,1008.5,0],"ix":1},"s":{"a":0,"k":[64.731,64.731,100],"ix":6}},"ao":0,"w":2017,"h":2017,"ip":24,"op":185,"st":24,"bm":0},{"ddd":0,"ind":2,"ty":4,"nm":"Layer 3/AutoStartDrawableAI Outlines","sr":1,"ks":{"o":{"a":1,"k":[{"i":{"x":[0.667],"y":[1]},"o":{"x":[0.333],"y":[0]},"t":0,"s":[0]},{"t":30,"s":[100]}],"ix":11},"r":{"a":0,"k":0,"ix":10},"p":{"a":0,"k":[997,1017,0],"ix":2},"a":{"a":0,"k":[360,540,0],"ix":1},"s":{"a":0,"k":[227.444,227.444,100],"ix":6}},"ao":0,"shapes":[{"ty":"gr","it":[{"ind":0,"ty":"sh","ix":1,"ks":{"a":0,"k":{"i":[[13.746,0],[0,0],[0,13.745],[-13.746,0],[0,0],[0,-13.746]],"o":[[0,0],[-13.746,0],[0,-13.746],[0,0],[13.746,0],[0,13.745]],"v":[[34.352,24.992],[-34.351,24.992],[-59.343,0],[-34.351,-24.992],[34.352,-24.992],[59.344,0]],"c":true},"ix":2},"nm":"Path 1","mn":"ADBE Vector Shape - Group","hd":false},{"ty":"st","c":{"a":0,"k":[0,0.532999973671,0.638999968884,1],"ix":3},"o":{"a":0,"k":100,"ix":4},"w":{"a":0,"k":5,"ix":5},"lc":1,"lj":1,"ml":10,"bm":0,"nm":"Stroke 1","mn":"ADBE Vector Graphic - Stroke","hd":false},{"ty":"tr","p":{"a":0,"k":[572.469,449.321],"ix":2},"a":{"a":0,"k":[0,0],"ix":1},"s":{"a":0,"k":[100,100],"ix":3},"r":{"a":0,"k":0,"ix":6},"o":{"a":0,"k":100,"ix":7},"sk":{"a":0,"k":0,"ix":4},"sa":{"a":0,"k":0,"ix":5},"nm":"Transform"}],"nm":"Group 1","np":2,"cix":2,"bm":0,"ix":1,"mn":"ADBE Vector Group","hd":false},{"ty":"gr","it":[{"ind":0,"ty":"sh","ix":1,"ks":{"a":0,"k":{"i":[[0,-18.78],[18.78,0],[0,18.78],[-18.78,0]],"o":[[0,18.78],[-18.78,0],[0,-18.78],[18.78,0]],"v":[[34.004,0],[0,34.004],[-34.004,0],[0,-34.004]],"c":true},"ix":2},"nm":"Path 1","mn":"ADBE Vector Shape - Group","hd":false},{"ty":"fl","c":{"a":0,"k":[0,0.532999973671,0.638999968884,1],"ix":4},"o":{"a":0,"k":100,"ix":5},"r":1,"bm":0,"nm":"Fill 1","mn":"ADBE Vector Graphic - Fill","hd":false},{"ty":"tr","p":{"a":1,"k":[{"i":{"x":0.667,"y":1},"o":{"x":0.333,"y":0},"t":0,"s":[540.498,449.32],"to":[12.5,0],"ti":[-12.5,0]},{"t":30,"s":[615.498,449.32]}],"ix":2},"a":{"a":0,"k":[0,0],"ix":1},"s":{"a":0,"k":[100,100],"ix":3},"r":{"a":0,"k":0,"ix":6},"o":{"a":0,"k":100,"ix":7},"sk":{"a":0,"k":0,"ix":4},"sa":{"a":0,"k":0,"ix":5},"nm":"Transform"}],"nm":"Group 2","np":2,"cix":2,"bm":0,"ix":2,"mn":"ADBE Vector Group","hd":false}],"ip":0,"op":180,"st":0,"bm":0},{"ddd":0,"ind":3,"ty":4,"nm":"Layer 2/AutoStartDrawableAI Outlines","sr":1,"ks":{"o":{"a":0,"k":100,"ix":11},"r":{"a":0,"k":0,"ix":10},"p":{"a":0,"k":[1012,1012,0],"ix":2},"a":{"a":0,"k":[360,540,0],"ix":1},"s":{"a":0,"k":[220.741,220.741,100],"ix":6}},"ao":0,"shapes":[{"ty":"gr","it":[{"ind":0,"ty":"sh","ix":1,"ks":{"a":0,"k":{"i":[[0,-18.78],[18.78,0],[0,18.78],[-18.78,0]],"o":[[0,18.78],[-18.78,0],[0,-18.78],[18.78,0]],"v":[[34.004,0],[0,34.004],[-34.004,0],[0,-34.004]],"c":true},"ix":2},"nm":"Path 1","mn":"ADBE Vector Shape - Group","hd":false},{"ty":"fl","c":{"a":0,"k":[0.4,0.4,0.4,1],"ix":4},"o":{"a":0,"k":100,"ix":5},"r":1,"bm":0,"nm":"Fill 1","mn":"ADBE Vector Graphic - Fill","hd":false},{"ty":"tr","p":{"a":1,"k":[{"i":{"x":0.667,"y":1},"o":{"x":0.333,"y":0},"t":0,"s":[540.498,449.32],"to":[12.667,0],"ti":[-12.667,0]},{"t":30,"s":[616.498,449.32]}],"ix":2},"a":{"a":0,"k":[0,0],"ix":1},"s":{"a":0,"k":[100,100],"ix":3},"r":{"a":0,"k":0,"ix":6},"o":{"a":1,"k":[{"i":{"x":[0.667],"y":[1]},"o":{"x":[0.333],"y":[0]},"t":0,"s":[100]},{"t":30,"s":[0]}],"ix":7},"sk":{"a":0,"k":0,"ix":4},"sa":{"a":0,"k":0,"ix":5},"nm":"Transform"}],"nm":"Group 1","np":2,"cix":2,"bm":0,"ix":1,"mn":"ADBE Vector Group","hd":false},{"ty":"gr","it":[{"ind":0,"ty":"sh","ix":1,"ks":{"a":0,"k":{"i":[[13.746,0],[0,0],[0,13.745],[-13.746,0],[0,0],[0,-13.746]],"o":[[0,0],[-13.746,0],[0,-13.746],[0,0],[13.746,0],[0,13.745]],"v":[[34.352,24.992],[-34.351,24.992],[-59.343,0],[-34.351,-24.992],[34.352,-24.992],[59.344,0]],"c":true},"ix":2},"nm":"Path 1","mn":"ADBE Vector Shape - Group","hd":false},{"ty":"st","c":{"a":0,"k":[0.4,0.4,0.4,1],"ix":3},"o":{"a":0,"k":100,"ix":4},"w":{"a":0,"k":5,"ix":5},"lc":1,"lj":1,"ml":10,"bm":0,"nm":"Stroke 1","mn":"ADBE Vector Graphic - Stroke","hd":false},{"ty":"tr","p":{"a":0,"k":[572.469,449.321],"ix":2},"a":{"a":0,"k":[0,0],"ix":1},"s":{"a":0,"k":[100,100],"ix":3},"r":{"a":0,"k":0,"ix":6},"o":{"a":1,"k":[{"i":{"x":[0.667],"y":[1]},"o":{"x":[0.333],"y":[0]},"t":0,"s":[100]},{"t":30,"s":[0]}],"ix":7},"sk":{"a":0,"k":0,"ix":4},"sa":{"a":0,"k":0,"ix":5},"nm":"Transform"}],"nm":"Group 2","np":2,"cix":2,"bm":0,"ix":2,"mn":"ADBE Vector Group","hd":false}],"ip":0,"op":180,"st":0,"bm":0},{"ddd":0,"ind":4,"ty":4,"nm":"Layer 1/AutoStartDrawableAI Outlines","sr":1,"ks":{"o":{"a":0,"k":100,"ix":11},"r":{"a":0,"k":0,"ix":10},"p":{"a":0,"k":[1000,1040,0],"ix":2},"a":{"a":0,"k":[360,540,0],"ix":1},"s":{"a":0,"k":[257.037,257.037,100],"ix":6}},"ao":0,"shapes":[{"ty":"gr","it":[{"ind":0,"ty":"sh","ix":1,"ks":{"a":0,"k":{"i":[[0,0],[0,0],[0,0],[0,0],[0,0],[0,0],[-2.352,0],[-0.528,0.144],[0,0],[1.632,0],[1.008,1.152],[0,2.736],[0,0],[0,0],[0,0],[0,0],[0,0]],"o":[[0,0],[0,0],[0,0],[0,0],[0,0],[0,2.88],[1.104,0],[0,0],[-0.817,0.336],[-1.968,0],[-1.2,-1.249],[0,0],[0,0],[0,0],[0,0],[0,0],[0,0]],"v":[[0.841,-15.194],[0.841,-8.52],[6.888,-8.52],[6.888,-5.304],[0.841,-5.304],[0.841,7.225],[4.009,11.738],[6.457,11.449],[6.65,14.618],[2.905,15.194],[-1.655,13.418],[-3.288,7.368],[-3.288,-5.304],[-6.888,-5.304],[-6.888,-8.52],[-3.288,-8.52],[-3.288,-14.09]],"c":true},"ix":2},"nm":"Path 1","mn":"ADBE Vector Shape - Group","hd":false},{"ty":"fl","c":{"a":0,"k":[0.301999978458,0.301999978458,0.301999978458,1],"ix":4},"o":{"a":0,"k":100,"ix":5},"r":1,"bm":0,"nm":"Fill 1","mn":"ADBE Vector Graphic - Fill","hd":false},{"ty":"tr","p":{"a":0,"k":[285.756,412.912],"ix":2},"a":{"a":0,"k":[0,0],"ix":1},"s":{"a":0,"k":[100,100],"ix":3},"r":{"a":0,"k":0,"ix":6},"o":{"a":0,"k":100,"ix":7},"sk":{"a":0,"k":0,"ix":4},"sa":{"a":0,"k":0,"ix":5},"nm":"Transform"}],"nm":"Group 1","np":2,"cix":2,"bm":0,"ix":1,"mn":"ADBE Vector Group","hd":false},{"ty":"gr","it":[{"ind":0,"ty":"sh","ix":1,"ks":{"a":0,"k":{"i":[[0,0],[0.144,2.161],[0,0],[0,0],[0,0],[-2.833,0],[-0.384,-0.096],[0,0],[0.576,0],[0.576,-3.168],[0,-0.72],[0,0],[0,0]],"o":[[0,-2.736],[0,0],[0,0],[0,0],[1.056,-3.121],[0.48,0],[0,0],[-0.432,-0.096],[-2.976,0],[-0.096,0.576],[0,0],[0,0],[0,0]],"v":[[-5.64,-4.104],[-5.832,-11.353],[-2.136,-11.353],[-1.992,-6.792],[-1.8,-6.792],[4.633,-11.881],[5.833,-11.737],[5.833,-7.752],[4.393,-7.896],[-1.272,-2.472],[-1.464,-0.504],[-1.464,11.881],[-5.64,11.881]],"c":true},"ix":2},"nm":"Path 1","mn":"ADBE Vector Shape - Group","hd":false},{"ty":"fl","c":{"a":0,"k":[0.301999978458,0.301999978458,0.301999978458,1],"ix":4},"o":{"a":0,"k":100,"ix":5},"r":1,"bm":0,"nm":"Fill 1","mn":"ADBE Vector Graphic - Fill","hd":false},{"ty":"tr","p":{"a":0,"k":[270.301,415.744],"ix":2},"a":{"a":0,"k":[0,0],"ix":1},"s":{"a":0,"k":[100,100],"ix":3},"r":{"a":0,"k":0,"ix":6},"o":{"a":0,"k":100,"ix":7},"sk":{"a":0,"k":0,"ix":4},"sa":{"a":0,"k":0,"ix":5},"nm":"Transform"}],"nm":"Group 2","np":2,"cix":2,"bm":0,"ix":2,"mn":"ADBE Vector Group","hd":false},{"ty":"gr","it":[{"ind":0,"ty":"sh","ix":1,"ks":{"a":0,"k":{"i":[[0,0],[0,-4.512],[-2.161,0],[-0.672,1.969],[0,0.432]],"o":[[-4.608,-0.096],[0,2.737],[3.024,0],[0.144,-0.432],[0,0]],"v":[[4.8,-0.24],[-5.041,4.992],[-1.056,9.025],[4.56,5.136],[4.8,3.792]],"c":true},"ix":2},"nm":"Path 1","mn":"ADBE Vector Shape - Group","hd":false},{"ind":1,"ty":"sh","ix":2,"ks":{"a":0,"k":{"i":[[0,0],[0,0],[0,0],[3.312,0],[0,3.361],[-8.977,-0.049],[0,0],[4.752,0],[1.633,-1.056],[0,0],[-2.929,0],[0,-4.657],[0,0],[-0.288,-1.584]],"o":[[0,0],[0,0],[-1.296,1.824],[-4.705,0],[0,-5.616],[0,0],[0,-1.921],[-2.161,0],[0,0],[1.92,-1.248],[7.105,0],[0,0],[0,2.016],[0,0]],"v":[[5.425,11.617],[5.088,8.689],[4.944,8.689],[-2.16,12.145],[-9.265,5.472],[4.704,-3.168],[4.704,-3.648],[-0.576,-9.025],[-6.625,-7.297],[-7.585,-10.081],[0.048,-12.145],[8.881,-2.64],[8.881,6.049],[9.265,11.617]],"c":true},"ix":2},"nm":"Path 2","mn":"ADBE Vector Shape - Group","hd":false},{"ty":"mm","mm":1,"nm":"Merge Paths 1","mn":"ADBE Vector Filter - Merge","hd":false},{"ty":"fl","c":{"a":0,"k":[0.301999978458,0.301999978458,0.301999978458,1],"ix":4},"o":{"a":0,"k":100,"ix":5},"r":1,"bm":0,"nm":"Fill 1","mn":"ADBE Vector Graphic - Fill","hd":false},{"ty":"tr","p":{"a":0,"k":[248.966,416.008],"ix":2},"a":{"a":0,"k":[0,0],"ix":1},"s":{"a":0,"k":[100,100],"ix":3},"r":{"a":0,"k":0,"ix":6},"o":{"a":0,"k":100,"ix":7},"sk":{"a":0,"k":0,"ix":4},"sa":{"a":0,"k":0,"ix":5},"nm":"Transform"}],"nm":"Group 3","np":4,"cix":2,"bm":0,"ix":3,"mn":"ADBE Vector Group","hd":false},{"ty":"gr","it":[{"ind":0,"ty":"sh","ix":1,"ks":{"a":0,"k":{"i":[[0,0],[0,0],[0,0],[0,0],[0,0],[0,0],[-2.352,0],[-0.528,0.144],[0,0],[1.632,0],[1.008,1.152],[0,2.736],[0,0],[0,0],[0,0],[0,0],[0,0]],"o":[[0,0],[0,0],[0,0],[0,0],[0,0],[0,2.88],[1.104,0],[0,0],[-0.817,0.336],[-1.968,0],[-1.2,-1.249],[0,0],[0,0],[0,0],[0,0],[0,0],[0,0]],"v":[[0.84,-15.194],[0.84,-8.52],[6.888,-8.52],[6.888,-5.304],[0.84,-5.304],[0.84,7.225],[4.008,11.738],[6.456,11.449],[6.649,14.618],[2.904,15.194],[-1.656,13.418],[-3.288,7.368],[-3.288,-5.304],[-6.889,-5.304],[-6.889,-8.52],[-3.288,-8.52],[-3.288,-14.09]],"c":true},"ix":2},"nm":"Path 1","mn":"ADBE Vector Shape - Group","hd":false},{"ty":"fl","c":{"a":0,"k":[0.301999978458,0.301999978458,0.301999978458,1],"ix":4},"o":{"a":0,"k":100,"ix":5},"r":1,"bm":0,"nm":"Fill 1","mn":"ADBE Vector Graphic - Fill","hd":false},{"ty":"tr","p":{"a":0,"k":[229.885,412.912],"ix":2},"a":{"a":0,"k":[0,0],"ix":1},"s":{"a":0,"k":[100,100],"ix":3},"r":{"a":0,"k":0,"ix":6},"o":{"a":0,"k":100,"ix":7},"sk":{"a":0,"k":0,"ix":4},"sa":{"a":0,"k":0,"ix":5},"nm":"Transform"}],"nm":"Group 4","np":2,"cix":2,"bm":0,"ix":4,"mn":"ADBE Vector Group","hd":false},{"ty":"gr","it":[{"ind":0,"ty":"sh","ix":1,"ks":{"a":0,"k":{"i":[[0,0],[-2.111,0],[0,1.92],[3.12,1.153],[0,2.784],[-4.993,0],[-1.296,-0.769],[0,0],[2.16,0],[0,-1.728],[-3.024,-1.152],[0,-3.457],[5.52,0],[1.632,0.96]],"o":[[1.248,0.816],[3.073,0],[0,-2.016],[-4.177,-1.488],[0,-3.745],[2.352,0],[0,0],[-0.912,-0.576],[-2.496,0],[0,1.92],[4.032,1.536],[0,4.08],[-2.545,0],[0,0]],"v":[[-6.552,7.321],[-0.984,9.001],[3.529,5.545],[-0.792,1.272],[-6.936,-5.304],[1.081,-12.121],[6.792,-10.68],[5.736,-7.608],[0.984,-8.952],[-2.904,-5.784],[1.512,-1.848],[7.609,5.161],[-1.079,12.121],[-7.609,10.537]],"c":true},"ix":2},"nm":"Path 1","mn":"ADBE Vector Shape - Group","hd":false},{"ty":"fl","c":{"a":0,"k":[0.301999978458,0.301999978458,0.301999978458,1],"ix":4},"o":{"a":0,"k":100,"ix":5},"r":1,"bm":0,"nm":"Fill 1","mn":"ADBE Vector Graphic - Fill","hd":false},{"ty":"tr","p":{"a":0,"k":[212.606,415.984],"ix":2},"a":{"a":0,"k":[0,0],"ix":1},"s":{"a":0,"k":[100,100],"ix":3},"r":{"a":0,"k":0,"ix":6},"o":{"a":0,"k":100,"ix":7},"sk":{"a":0,"k":0,"ix":4},"sa":{"a":0,"k":0,"ix":5},"nm":"Transform"}],"nm":"Group 5","np":2,"cix":2,"bm":0,"ix":5,"mn":"ADBE Vector Group","hd":false},{"ty":"gr","it":[{"ind":0,"ty":"sh","ix":1,"ks":{"a":0,"k":{"i":[[0,-4.417],[-4.129,0],[0,5.232],[4.993,0]],"o":[[0,5.088],[4.032,0],[0,-3.937],[-4.992,0]],"v":[[-7.081,0.048],[-0.024,8.977],[7.032,-0.048],[0.071,-8.977]],"c":true},"ix":2},"nm":"Path 1","mn":"ADBE Vector Shape - Group","hd":false},{"ind":1,"ty":"sh","ix":2,"ks":{"a":0,"k":{"i":[[0,-7.105],[5.617,0],[0,7.344],[-6.433,0]],"o":[[0,8.593],[-6.288,0],[0,-7.777],[6.672,0]],"v":[[11.353,-0.192],[-0.217,12.145],[-11.353,0.192],[0.168,-12.145]],"c":true},"ix":2},"nm":"Path 2","mn":"ADBE Vector Shape - Group","hd":false},{"ty":"mm","mm":1,"nm":"Merge Paths 1","mn":"ADBE Vector Filter - Merge","hd":false},{"ty":"fl","c":{"a":0,"k":[0.301999978458,0.301999978458,0.301999978458,1],"ix":4},"o":{"a":0,"k":100,"ix":5},"r":1,"bm":0,"nm":"Fill 1","mn":"ADBE Vector Graphic - Fill","hd":false},{"ty":"tr","p":{"a":0,"k":[179.775,416.008],"ix":2},"a":{"a":0,"k":[0,0],"ix":1},"s":{"a":0,"k":[100,100],"ix":3},"r":{"a":0,"k":0,"ix":6},"o":{"a":0,"k":100,"ix":7},"sk":{"a":0,"k":0,"ix":4},"sa":{"a":0,"k":0,"ix":5},"nm":"Transform"}],"nm":"Group 6","np":4,"cix":2,"bm":0,"ix":6,"mn":"ADBE Vector Group","hd":false},{"ty":"gr","it":[{"ind":0,"ty":"sh","ix":1,"ks":{"a":0,"k":{"i":[[0,0],[0,0],[0,0],[0,0],[0,0],[0,0],[-2.352,0],[-0.528,0.144],[0,0],[1.632,0],[1.008,1.152],[0,2.736],[0,0],[0,0],[0,0],[0,0],[0,0]],"o":[[0,0],[0,0],[0,0],[0,0],[0,0],[0,2.88],[1.104,0],[0,0],[-0.817,0.336],[-1.968,0],[-1.2,-1.249],[0,0],[0,0],[0,0],[0,0],[0,0],[0,0]],"v":[[0.84,-15.194],[0.84,-8.52],[6.888,-8.52],[6.888,-5.304],[0.84,-5.304],[0.84,7.225],[4.008,11.738],[6.456,11.449],[6.649,14.618],[2.904,15.194],[-1.656,13.418],[-3.288,7.368],[-3.288,-5.304],[-6.889,-5.304],[-6.889,-8.52],[-3.288,-8.52],[-3.288,-14.09]],"c":true},"ix":2},"nm":"Path 1","mn":"ADBE Vector Shape - Group","hd":false},{"ty":"fl","c":{"a":0,"k":[0.301999978458,0.301999978458,0.301999978458,1],"ix":4},"o":{"a":0,"k":100,"ix":5},"r":1,"bm":0,"nm":"Fill 1","mn":"ADBE Vector Graphic - Fill","hd":false},{"ty":"tr","p":{"a":0,"k":[158.75,412.912],"ix":2},"a":{"a":0,"k":[0,0],"ix":1},"s":{"a":0,"k":[100,100],"ix":3},"r":{"a":0,"k":0,"ix":6},"o":{"a":0,"k":100,"ix":7},"sk":{"a":0,"k":0,"ix":4},"sa":{"a":0,"k":0,"ix":5},"nm":"Transform"}],"nm":"Group 7","np":2,"cix":2,"bm":0,"ix":7,"mn":"ADBE Vector Group","hd":false},{"ty":"gr","it":[{"ind":0,"ty":"sh","ix":1,"ks":{"a":0,"k":{"i":[[0,0],[-0.144,-1.824],[0,0],[0,0],[0,0],[4.129,0],[0,8.161],[0,0],[0,0],[0,0],[-3.84,0],[-0.768,1.872],[0,0.768],[0,0],[0,0]],"o":[[0,2.4],[0,0],[0,0],[0,0],[-1.104,1.873],[-3.648,0],[0,0],[0,0],[0,0],[0,4.417],[2.833,0],[0.24,-0.624],[0,0],[0,0],[0,0]],"v":[[9.697,5.016],[9.888,11.353],[6.145,11.353],[5.904,7.56],[5.809,7.56],[-1.872,11.88],[-9.889,1.703],[-9.889,-11.88],[-5.665,-11.88],[-5.665,0.984],[-0.48,8.377],[5.089,4.536],[5.472,2.377],[5.472,-11.88],[9.697,-11.88]],"c":true},"ix":2},"nm":"Path 1","mn":"ADBE Vector Shape - Group","hd":false},{"ty":"fl","c":{"a":0,"k":[0.301999978458,0.301999978458,0.301999978458,1],"ix":4},"o":{"a":0,"k":100,"ix":5},"r":1,"bm":0,"nm":"Fill 1","mn":"ADBE Vector Graphic - Fill","hd":false},{"ty":"tr","p":{"a":0,"k":[137.8,416.272],"ix":2},"a":{"a":0,"k":[0,0],"ix":1},"s":{"a":0,"k":[100,100],"ix":3},"r":{"a":0,"k":0,"ix":6},"o":{"a":0,"k":100,"ix":7},"sk":{"a":0,"k":0,"ix":4},"sa":{"a":0,"k":0,"ix":5},"nm":"Transform"}],"nm":"Group 8","np":2,"cix":2,"bm":0,"ix":8,"mn":"ADBE Vector Group","hd":false},{"ty":"gr","it":[{"ind":0,"ty":"sh","ix":1,"ks":{"a":0,"k":{"i":[[0,0],[0,0],[0.48,1.872],[0,0],[0.624,-1.969],[0,0]],"o":[[0,0],[-0.72,-2.112],[0,0],[-0.48,1.92],[0,0],[0,0]],"v":[[4.753,2.736],[1.585,-6.577],[-0.097,-12.481],[-0.191,-12.481],[-1.825,-6.624],[-4.993,2.736]],"c":true},"ix":2},"nm":"Path 1","mn":"ADBE Vector Shape - Group","hd":false},{"ind":1,"ty":"sh","ix":2,"ks":{"a":0,"k":{"i":[[0,0],[0,0],[0,0],[0,0],[0,0],[0,0],[0,0],[0,0]],"o":[[0,0],[0,0],[0,0],[0,0],[0,0],[0,0],[0,0],[0,0]],"v":[[-5.857,6.001],[-9.217,16.177],[-13.538,16.177],[-2.545,-16.177],[2.497,-16.177],[13.538,16.177],[9.073,16.177],[5.617,6.001]],"c":true},"ix":2},"nm":"Path 2","mn":"ADBE Vector Shape - Group","hd":false},{"ty":"mm","mm":1,"nm":"Merge Paths 1","mn":"ADBE Vector Filter - Merge","hd":false},{"ty":"fl","c":{"a":0,"k":[0.301999978458,0.301999978458,0.301999978458,1],"ix":4},"o":{"a":0,"k":100,"ix":5},"r":1,"bm":0,"nm":"Fill 1","mn":"ADBE Vector Graphic - Fill","hd":false},{"ty":"tr","p":{"a":0,"k":[110.487,411.447],"ix":2},"a":{"a":0,"k":[0,0],"ix":1},"s":{"a":0,"k":[100,100],"ix":3},"r":{"a":0,"k":0,"ix":6},"o":{"a":0,"k":100,"ix":7},"sk":{"a":0,"k":0,"ix":4},"sa":{"a":0,"k":0,"ix":5},"nm":"Transform"}],"nm":"Group 9","np":4,"cix":2,"bm":0,"ix":9,"mn":"ADBE Vector Group","hd":false},{"ty":"gr","it":[{"ind":0,"ty":"sh","ix":1,"ks":{"a":0,"k":{"i":[[2.784,0],[0,0],[0,2.784],[-2.785,0],[0,0],[0,-2.785]],"o":[[0,0],[-2.785,0],[0,-2.785],[0,0],[2.784,0],[0,2.784]],"v":[[129.657,5.063],[-129.656,5.063],[-134.718,0.001],[-129.656,-5.063],[129.657,-5.063],[134.718,0.001]],"c":true},"ix":2},"nm":"Path 1","mn":"ADBE Vector Shape - Group","hd":false},{"ty":"fl","c":{"a":0,"k":[0.8,0.8,0.8,1],"ix":4},"o":{"a":0,"k":100,"ix":5},"r":1,"bm":0,"nm":"Fill 1","mn":"ADBE Vector Graphic - Fill","hd":false},{"ty":"tr","p":{"a":0,"k":[230.468,482.672],"ix":2},"a":{"a":0,"k":[0,0],"ix":1},"s":{"a":0,"k":[100,100],"ix":3},"r":{"a":0,"k":0,"ix":6},"o":{"a":0,"k":100,"ix":7},"sk":{"a":0,"k":0,"ix":4},"sa":{"a":0,"k":0,"ix":5},"nm":"Transform"}],"nm":"Group 10","np":2,"cix":2,"bm":0,"ix":10,"mn":"ADBE Vector Group","hd":false},{"ty":"gr","it":[{"ind":0,"ty":"sh","ix":1,"ks":{"a":0,"k":{"i":[[2.784,0],[0,0],[0,2.784],[-2.785,0],[0,0],[0,-2.785]],"o":[[0,0],[-2.785,0],[0,-2.785],[0,0],[2.784,0],[0,2.784]],"v":[[129.657,5.063],[-129.656,5.063],[-134.718,0],[-129.656,-5.063],[129.657,-5.063],[134.718,0]],"c":true},"ix":2},"nm":"Path 1","mn":"ADBE Vector Shape - Group","hd":false},{"ty":"fl","c":{"a":0,"k":[0.8,0.8,0.8,1],"ix":4},"o":{"a":0,"k":100,"ix":5},"r":1,"bm":0,"nm":"Fill 1","mn":"ADBE Vector Graphic - Fill","hd":false},{"ty":"tr","p":{"a":0,"k":[230.468,822.766],"ix":2},"a":{"a":0,"k":[0,0],"ix":1},"s":{"a":0,"k":[100,100],"ix":3},"r":{"a":0,"k":0,"ix":6},"o":{"a":0,"k":100,"ix":7},"sk":{"a":0,"k":0,"ix":4},"sa":{"a":0,"k":0,"ix":5},"nm":"Transform"}],"nm":"Group 11","np":2,"cix":2,"bm":0,"ix":11,"mn":"ADBE Vector Group","hd":false},{"ty":"gr","it":[{"ind":0,"ty":"sh","ix":1,"ks":{"a":0,"k":{"i":[[6.6,0],[0,0],[0,6.6],[0,0],[-6.601,0],[0,0],[0,-6.6],[0,0]],"o":[[0,0],[-6.601,0],[0,0],[0,-6.6],[0,0],[6.6,0],[0,0],[0,6.6]],"v":[[159.844,16.031],[-159.844,16.031],[-171.844,4.031],[-171.844,-4.031],[-159.844,-16.031],[159.844,-16.031],[171.844,-4.031],[171.844,4.031]],"c":true},"ix":2},"nm":"Path 1","mn":"ADBE Vector Shape - Group","hd":false},{"ty":"fl","c":{"a":0,"k":[0.501999978458,0.501999978458,0.501999978458,1],"ix":4},"o":{"a":0,"k":100,"ix":5},"r":1,"bm":0,"nm":"Fill 1","mn":"ADBE Vector Graphic - Fill","hd":false},{"ty":"tr","p":{"a":0,"k":[267.594,780.906],"ix":2},"a":{"a":0,"k":[0,0],"ix":1},"s":{"a":0,"k":[100,100],"ix":3},"r":{"a":0,"k":0,"ix":6},"o":{"a":0,"k":100,"ix":7},"sk":{"a":0,"k":0,"ix":4},"sa":{"a":0,"k":0,"ix":5},"nm":"Transform"}],"nm":"Group 12","np":2,"cix":2,"bm":0,"ix":12,"mn":"ADBE Vector Group","hd":false},{"ty":"gr","it":[{"ind":0,"ty":"sh","ix":1,"ks":{"a":0,"k":{"i":[[2.784,0],[0,0],[0,2.784],[-2.785,0],[0,0],[0,-2.785]],"o":[[0,0],[-2.785,0],[0,-2.785],[0,0],[2.784,0],[0,2.784]],"v":[[129.657,5.063],[-129.656,5.063],[-134.718,0],[-129.656,-5.063],[129.657,-5.063],[134.718,0]],"c":true},"ix":2},"nm":"Path 1","mn":"ADBE Vector Shape - Group","hd":false},{"ty":"fl","c":{"a":0,"k":[0.8,0.8,0.8,1],"ix":4},"o":{"a":0,"k":100,"ix":5},"r":1,"bm":0,"nm":"Fill 1","mn":"ADBE Vector Graphic - Fill","hd":false},{"ty":"tr","p":{"a":0,"k":[230.468,639.688],"ix":2},"a":{"a":0,"k":[0,0],"ix":1},"s":{"a":0,"k":[100,100],"ix":3},"r":{"a":0,"k":0,"ix":6},"o":{"a":0,"k":100,"ix":7},"sk":{"a":0,"k":0,"ix":4},"sa":{"a":0,"k":0,"ix":5},"nm":"Transform"}],"nm":"Group 13","np":2,"cix":2,"bm":0,"ix":13,"mn":"ADBE Vector Group","hd":false},{"ty":"gr","it":[{"ind":0,"ty":"sh","ix":1,"ks":{"a":0,"k":{"i":[[6.6,0],[0,0],[0,6.6],[0,0],[-6.601,0],[0,0],[0,-6.6],[0,0]],"o":[[0,0],[-6.601,0],[0,0],[0,-6.6],[0,0],[6.6,0],[0,0],[0,6.6]],"v":[[159.844,16.031],[-159.844,16.031],[-171.844,4.031],[-171.844,-4.031],[-159.844,-16.031],[159.844,-16.031],[171.844,-4.031],[171.844,4.031]],"c":true},"ix":2},"nm":"Path 1","mn":"ADBE Vector Shape - Group","hd":false},{"ty":"fl","c":{"a":0,"k":[0.501999978458,0.501999978458,0.501999978458,1],"ix":4},"o":{"a":0,"k":100,"ix":5},"r":1,"bm":0,"nm":"Fill 1","mn":"ADBE Vector Graphic - Fill","hd":false},{"ty":"tr","p":{"a":0,"k":[267.594,592.719],"ix":2},"a":{"a":0,"k":[0,0],"ix":1},"s":{"a":0,"k":[100,100],"ix":3},"r":{"a":0,"k":0,"ix":6},"o":{"a":0,"k":100,"ix":7},"sk":{"a":0,"k":0,"ix":4},"sa":{"a":0,"k":0,"ix":5},"nm":"Transform"}],"nm":"Group 14","np":2,"cix":2,"bm":0,"ix":14,"mn":"ADBE Vector Group","hd":false},{"ty":"gr","it":[{"ind":0,"ty":"sh","ix":1,"ks":{"a":0,"k":{"i":[[1.165,0],[0,0],[0,-1.165],[-1.165,0],[0,0],[0,1.165]],"o":[[0,0],[-1.165,0],[0,1.165],[0,0],[1.165,0],[0,-1.165]],"v":[[269.704,-2.109],[-269.702,-2.109],[-271.812,0],[-269.702,2.109],[269.704,2.109],[271.812,0]],"c":true},"ix":2},"nm":"Path 1","mn":"ADBE Vector Shape - Group","hd":false},{"ty":"fl","c":{"a":0,"k":[0.4,0.4,0.4,1],"ix":4},"o":{"a":0,"k":100,"ix":5},"r":1,"bm":0,"nm":"Fill 1","mn":"ADBE Vector Graphic - Fill","hd":false},{"ty":"tr","p":{"a":0,"k":[360,721.359],"ix":2},"a":{"a":0,"k":[0,0],"ix":1},"s":{"a":0,"k":[100,100],"ix":3},"r":{"a":0,"k":0,"ix":6},"o":{"a":0,"k":100,"ix":7},"sk":{"a":0,"k":0,"ix":4},"sa":{"a":0,"k":0,"ix":5},"nm":"Transform"}],"nm":"Group 15","np":2,"cix":2,"bm":0,"ix":15,"mn":"ADBE Vector Group","hd":false},{"ty":"gr","it":[{"ind":0,"ty":"sh","ix":1,"ks":{"a":0,"k":{"i":[[1.165,0],[0,0],[0,-1.165],[-1.165,0],[0,0],[0,1.165]],"o":[[0,0],[-1.165,0],[0,1.165],[0,0],[1.165,0],[0,-1.165]],"v":[[269.704,-2.109],[-269.702,-2.109],[-271.812,0],[-269.702,2.11],[269.704,2.11],[271.812,0]],"c":true},"ix":2},"nm":"Path 1","mn":"ADBE Vector Shape - Group","hd":false},{"ty":"fl","c":{"a":0,"k":[0.4,0.4,0.4,1],"ix":4},"o":{"a":0,"k":100,"ix":5},"r":1,"bm":0,"nm":"Fill 1","mn":"ADBE Vector Graphic - Fill","hd":false},{"ty":"tr","p":{"a":0,"k":[360,540],"ix":2},"a":{"a":0,"k":[0,0],"ix":1},"s":{"a":0,"k":[100,100],"ix":3},"r":{"a":0,"k":0,"ix":6},"o":{"a":0,"k":100,"ix":7},"sk":{"a":0,"k":0,"ix":4},"sa":{"a":0,"k":0,"ix":5},"nm":"Transform"}],"nm":"Group 16","np":2,"cix":2,"bm":0,"ix":16,"mn":"ADBE Vector Group","hd":false},{"ty":"gr","it":[{"ind":0,"ty":"sh","ix":1,"ks":{"a":0,"k":{"i":[[1.165,0],[0,0],[0,-1.165],[-1.165,0],[0,0],[0,1.165]],"o":[[0,0],[-1.165,0],[0,1.165],[0,0],[1.165,0],[0,-1.165]],"v":[[269.704,-2.11],[-269.702,-2.11],[-271.812,-0.001],[-269.702,2.11],[269.704,2.11],[271.812,-0.001]],"c":true},"ix":2},"nm":"Path 1","mn":"ADBE Vector Shape - Group","hd":false},{"ty":"fl","c":{"a":0,"k":[0.4,0.4,0.4,1],"ix":4},"o":{"a":0,"k":100,"ix":5},"r":1,"bm":0,"nm":"Fill 1","mn":"ADBE Vector Graphic - Fill","hd":false},{"ty":"tr","p":{"a":0,"k":[360,358.641],"ix":2},"a":{"a":0,"k":[0,0],"ix":1},"s":{"a":0,"k":[100,100],"ix":3},"r":{"a":0,"k":0,"ix":6},"o":{"a":0,"k":100,"ix":7},"sk":{"a":0,"k":0,"ix":4},"sa":{"a":0,"k":0,"ix":5},"nm":"Transform"}],"nm":"Group 17","np":2,"cix":2,"bm":0,"ix":17,"mn":"ADBE Vector Group","hd":false},{"ty":"gr","it":[{"ind":0,"ty":"sh","ix":1,"ks":{"a":0,"k":{"i":[[6.187,0],[0,0],[0,6.188],[-6.188,0],[0,0],[0,-6.187]],"o":[[0,0],[-6.188,0],[0,-6.187],[0,0],[6.187,0],[0,6.188]],"v":[[83.531,11.25],[-83.531,11.25],[-94.781,0],[-83.531,-11.25],[83.531,-11.25],[94.781,0]],"c":true},"ix":2},"nm":"Path 1","mn":"ADBE Vector Shape - Group","hd":false},{"ty":"fl","c":{"a":0,"k":[0.8,0.8,0.8,1],"ix":4},"o":{"a":0,"k":100,"ix":5},"r":1,"bm":0,"nm":"Fill 1","mn":"ADBE Vector Graphic - Fill","hd":false},{"ty":"tr","p":{"a":0,"k":[344.656,303.875],"ix":2},"a":{"a":0,"k":[0,0],"ix":1},"s":{"a":0,"k":[100,100],"ix":3},"r":{"a":0,"k":0,"ix":6},"o":{"a":0,"k":100,"ix":7},"sk":{"a":0,"k":0,"ix":4},"sa":{"a":0,"k":0,"ix":5},"nm":"Transform"}],"nm":"Group 18","np":2,"cix":2,"bm":0,"ix":18,"mn":"ADBE Vector Group","hd":false},{"ty":"gr","it":[{"ind":0,"ty":"sh","ix":1,"ks":{"a":0,"k":{"i":[[0,0],[0,0],[-0.84,1.02],[0,0],[0,0],[0,0],[0,0],[0,0],[0,0],[0,0],[0,0],[0,0],[0,0],[0,0]],"o":[[0,0],[0.72,-1.02],[0,0],[0,0],[0,0],[0,0],[0,0],[0,0],[0,0],[0,0],[0,0],[0,0],[0,0],[0,0]],"v":[[-6.96,5.58],[-6.84,5.58],[-4.26,2.28],[4.26,-7.74],[10.619,-7.74],[-0.601,4.2],[12.18,21.299],[5.76,21.299],[-4.26,7.38],[-6.96,10.38],[-6.96,21.299],[-12.18,21.299],[-12.18,-21.299],[-6.96,-21.299]],"c":true},"ix":2},"nm":"Path 1","mn":"ADBE Vector Shape - Group","hd":false},{"ty":"fl","c":{"a":0,"k":[0,0,0,1],"ix":4},"o":{"a":0,"k":100,"ix":5},"r":1,"bm":0,"nm":"Fill 1","mn":"ADBE Vector Graphic - Fill","hd":false},{"ty":"tr","p":{"a":0,"k":[465.693,244.42],"ix":2},"a":{"a":0,"k":[0,0],"ix":1},"s":{"a":0,"k":[100,100],"ix":3},"r":{"a":0,"k":0,"ix":6},"o":{"a":0,"k":100,"ix":7},"sk":{"a":0,"k":0,"ix":4},"sa":{"a":0,"k":0,"ix":5},"nm":"Transform"}],"nm":"Group 19","np":2,"cix":2,"bm":0,"ix":19,"mn":"ADBE Vector Group","hd":false},{"ty":"gr","it":[{"ind":0,"ty":"sh","ix":1,"ks":{"a":0,"k":{"i":[[0,0],[3.9,0],[0,8.879],[-9.48,0],[-1.44,-0.72],[0,0],[2.88,0],[0,-6.06],[-5.76,0],[-1.5,0.66]],"o":[[-1.38,0.72],[-8.76,0],[0,-8.94],[3.12,0],[0,0],[-1.26,-0.72],[-6.659,0],[0,6.719],[3,0],[0,0]],"v":[[11.34,13.439],[2.999,15.12],[-11.46,0.3],[4.139,-15.12],[11.46,-13.62],[10.259,-9.539],[4.139,-10.919],[-6.12,0.06],[3.96,10.919],[10.439,9.479]],"c":true},"ix":2},"nm":"Path 1","mn":"ADBE Vector Shape - Group","hd":false},{"ty":"fl","c":{"a":0,"k":[0,0,0,1],"ix":4},"o":{"a":0,"k":100,"ix":5},"r":1,"bm":0,"nm":"Fill 1","mn":"ADBE Vector Graphic - Fill","hd":false},{"ty":"tr","p":{"a":0,"k":[435.993,251.199],"ix":2},"a":{"a":0,"k":[0,0],"ix":1},"s":{"a":0,"k":[100,100],"ix":3},"r":{"a":0,"k":0,"ix":6},"o":{"a":0,"k":100,"ix":7},"sk":{"a":0,"k":0,"ix":4},"sa":{"a":0,"k":0,"ix":5},"nm":"Transform"}],"nm":"Group 20","np":2,"cix":2,"bm":0,"ix":20,"mn":"ADBE Vector Group","hd":false},{"ty":"gr","it":[{"ind":0,"ty":"sh","ix":1,"ks":{"a":0,"k":{"i":[[0,0],[0,-5.64],[-2.701,0],[-0.84,2.46],[0,0.54]],"o":[[-5.76,-0.12],[0,3.419],[3.78,0],[0.181,-0.54],[0,0]],"v":[[6.001,-0.3],[-6.299,6.24],[-1.319,11.28],[5.699,6.42],[6.001,4.74]],"c":true},"ix":2},"nm":"Path 1","mn":"ADBE Vector Shape - Group","hd":false},{"ind":1,"ty":"sh","ix":2,"ks":{"a":0,"k":{"i":[[0,0],[0,0],[0,0],[4.139,0],[0,4.199],[-11.22,-0.06],[0,0],[5.941,0],[2.04,-1.32],[0,0],[-3.66,0],[0,-5.82],[0,0],[-0.359,-1.98]],"o":[[0,0],[0,0],[-1.62,2.279],[-5.88,0],[0,-7.02],[0,0],[0,-2.4],[-2.699,0],[0,0],[2.399,-1.559],[8.879,0],[0,0],[0,2.52],[0,0]],"v":[[6.78,14.519],[6.359,10.86],[6.181,10.86],[-2.699,15.179],[-11.579,6.84],[5.88,-3.96],[5.88,-4.56],[-0.72,-11.279],[-8.28,-9.12],[-9.478,-12.6],[0.061,-15.179],[11.1,-3.3],[11.1,7.559],[11.579,14.519]],"c":true},"ix":2},"nm":"Path 2","mn":"ADBE Vector Shape - Group","hd":false},{"ty":"mm","mm":1,"nm":"Merge Paths 1","mn":"ADBE Vector Filter - Merge","hd":false},{"ty":"fl","c":{"a":0,"k":[0,0,0,1],"ix":4},"o":{"a":0,"k":100,"ix":5},"r":1,"bm":0,"nm":"Fill 1","mn":"ADBE Vector Graphic - Fill","hd":false},{"ty":"tr","p":{"a":0,"k":[407.013,251.199],"ix":2},"a":{"a":0,"k":[0,0],"ix":1},"s":{"a":0,"k":[100,100],"ix":3},"r":{"a":0,"k":0,"ix":6},"o":{"a":0,"k":100,"ix":7},"sk":{"a":0,"k":0,"ix":4},"sa":{"a":0,"k":0,"ix":5},"nm":"Transform"}],"nm":"Group 21","np":4,"cix":2,"bm":0,"ix":21,"mn":"ADBE Vector Group","hd":false},{"ty":"gr","it":[{"ind":0,"ty":"sh","ix":1,"ks":{"a":0,"k":{"i":[[0,0],[0.18,2.7],[0,0],[0,0],[0,0],[-3.54,0],[-0.48,-0.12],[0,0],[0.721,0],[0.72,-3.96],[0,-0.9],[0,0],[0,0]],"o":[[0,-3.42],[0,0],[0,0],[0,0],[1.32,-3.9],[0.599,0],[0,0],[-0.539,-0.12],[-3.72,0],[-0.12,0.72],[0,0],[0,0],[0,0]],"v":[[-7.049,-5.13],[-7.289,-14.19],[-2.669,-14.19],[-2.489,-8.49],[-2.249,-8.49],[5.791,-14.849],[7.29,-14.669],[7.29,-9.69],[5.49,-9.87],[-1.589,-3.089],[-1.829,-0.63],[-1.829,14.849],[-7.049,14.849]],"c":true},"ix":2},"nm":"Path 1","mn":"ADBE Vector Shape - Group","hd":false},{"ty":"fl","c":{"a":0,"k":[0,0,0,1],"ix":4},"o":{"a":0,"k":100,"ix":5},"r":1,"bm":0,"nm":"Fill 1","mn":"ADBE Vector Graphic - Fill","hd":false},{"ty":"tr","p":{"a":0,"k":[385.443,250.869],"ix":2},"a":{"a":0,"k":[0,0],"ix":1},"s":{"a":0,"k":[100,100],"ix":3},"r":{"a":0,"k":0,"ix":6},"o":{"a":0,"k":100,"ix":7},"sk":{"a":0,"k":0,"ix":4},"sa":{"a":0,"k":0,"ix":5},"nm":"Transform"}],"nm":"Group 22","np":2,"cix":2,"bm":0,"ix":22,"mn":"ADBE Vector Group","hd":false},{"ty":"gr","it":[{"ind":0,"ty":"sh","ix":1,"ks":{"a":0,"k":{"i":[[0,0],[0,0],[0,0],[0,0],[0,0],[0,0],[0,0],[0,0]],"o":[[0,0],[0,0],[0,0],[0,0],[0,0],[0,0],[0,0],[0,0]],"v":[[-2.67,-15.78],[-14.969,-15.78],[-14.969,-20.219],[14.97,-20.219],[14.97,-15.78],[2.61,-15.78],[2.61,20.219],[-2.67,20.219]],"c":true},"ix":2},"nm":"Path 1","mn":"ADBE Vector Shape - Group","hd":false},{"ty":"fl","c":{"a":0,"k":[0,0,0,1],"ix":4},"o":{"a":0,"k":100,"ix":5},"r":1,"bm":0,"nm":"Fill 1","mn":"ADBE Vector Graphic - Fill","hd":false},{"ty":"tr","p":{"a":0,"k":[361.804,245.5],"ix":2},"a":{"a":0,"k":[0,0],"ix":1},"s":{"a":0,"k":[100,100],"ix":3},"r":{"a":0,"k":0,"ix":6},"o":{"a":0,"k":100,"ix":7},"sk":{"a":0,"k":0,"ix":4},"sa":{"a":0,"k":0,"ix":5},"nm":"Transform"}],"nm":"Group 23","np":2,"cix":2,"bm":0,"ix":23,"mn":"ADBE Vector Group","hd":false},{"ty":"gr","it":[{"ind":0,"ty":"sh","ix":1,"ks":{"a":0,"k":{"i":[[0,0],[0,0],[-0.84,1.02],[0,0],[0,0],[0,0],[0,0],[0,0],[0,0],[0,0],[0,0],[0,0],[0,0],[0,0]],"o":[[0,0],[0.72,-1.02],[0,0],[0,0],[0,0],[0,0],[0,0],[0,0],[0,0],[0,0],[0,0],[0,0],[0,0],[0,0]],"v":[[-6.96,5.58],[-6.84,5.58],[-4.26,2.28],[4.26,-7.74],[10.619,-7.74],[-0.6,4.2],[12.179,21.299],[5.76,21.299],[-4.26,7.38],[-6.96,10.38],[-6.96,21.299],[-12.18,21.299],[-12.18,-21.299],[-6.96,-21.299]],"c":true},"ix":2},"nm":"Path 1","mn":"ADBE Vector Shape - Group","hd":false},{"ty":"fl","c":{"a":0,"k":[0,0,0,1],"ix":4},"o":{"a":0,"k":100,"ix":5},"r":1,"bm":0,"nm":"Fill 1","mn":"ADBE Vector Graphic - Fill","hd":false},{"ty":"tr","p":{"a":0,"k":[336.454,244.42],"ix":2},"a":{"a":0,"k":[0,0],"ix":1},"s":{"a":0,"k":[100,100],"ix":3},"r":{"a":0,"k":0,"ix":6},"o":{"a":0,"k":100,"ix":7},"sk":{"a":0,"k":0,"ix":4},"sa":{"a":0,"k":0,"ix":5},"nm":"Transform"}],"nm":"Group 24","np":2,"cix":2,"bm":0,"ix":24,"mn":"ADBE Vector Group","hd":false},{"ty":"gr","it":[{"ind":0,"ty":"sh","ix":1,"ks":{"a":0,"k":{"i":[[0,0],[3.9,0],[0,8.879],[-9.48,0],[-1.44,-0.72],[0,0],[2.88,0],[0,-6.06],[-5.76,0],[-1.5,0.66]],"o":[[-1.38,0.72],[-8.76,0],[0,-8.94],[3.12,0],[0,0],[-1.26,-0.72],[-6.659,0],[0,6.719],[3,0],[0,0]],"v":[[11.34,13.439],[2.999,15.12],[-11.46,0.3],[4.139,-15.12],[11.46,-13.62],[10.259,-9.539],[4.139,-10.919],[-6.12,0.06],[3.96,10.919],[10.439,9.479]],"c":true},"ix":2},"nm":"Path 1","mn":"ADBE Vector Shape - Group","hd":false},{"ty":"fl","c":{"a":0,"k":[0,0,0,1],"ix":4},"o":{"a":0,"k":100,"ix":5},"r":1,"bm":0,"nm":"Fill 1","mn":"ADBE Vector Graphic - Fill","hd":false},{"ty":"tr","p":{"a":0,"k":[306.754,251.199],"ix":2},"a":{"a":0,"k":[0,0],"ix":1},"s":{"a":0,"k":[100,100],"ix":3},"r":{"a":0,"k":0,"ix":6},"o":{"a":0,"k":100,"ix":7},"sk":{"a":0,"k":0,"ix":4},"sa":{"a":0,"k":0,"ix":5},"nm":"Transform"}],"nm":"Group 25","np":2,"cix":2,"bm":0,"ix":25,"mn":"ADBE Vector Group","hd":false},{"ty":"gr","it":[{"ind":0,"ty":"sh","ix":1,"ks":{"a":0,"k":{"i":[[0,0],[0,0],[0,0],[0,0]],"o":[[0,0],[0,0],[0,0],[0,0]],"v":[[-2.64,-8.789],[2.64,-8.789],[2.64,20.25],[-2.64,20.25]],"c":true},"ix":2},"nm":"Path 1","mn":"ADBE Vector Shape - Group","hd":false},{"ind":1,"ty":"sh","ix":2,"ks":{"a":0,"k":{"i":[[0,0]],"o":[[0,0]],"v":[[-2.64,20.25]],"c":false},"ix":2},"nm":"Path 2","mn":"ADBE Vector Shape - Group","hd":false},{"ind":2,"ty":"sh","ix":3,"ks":{"a":0,"k":{"i":[[0,-1.861],[2.1,0],[0,1.799],[-1.92,0]],"o":[[0.06,1.799],[-1.86,0],[0,-1.861],[1.98,0]],"v":[[3.24,-16.948],[-0.12,-13.709],[-3.3,-16.948],[0,-20.25]],"c":true},"ix":2},"nm":"Path 3","mn":"ADBE Vector Shape - Group","hd":false},{"ty":"mm","mm":1,"nm":"Merge Paths 1","mn":"ADBE Vector Filter - Merge","hd":false},{"ty":"fl","c":{"a":0,"k":[0,0,0,1],"ix":4},"o":{"a":0,"k":100,"ix":5},"r":1,"bm":0,"nm":"Fill 1","mn":"ADBE Vector Graphic - Fill","hd":false},{"ty":"tr","p":{"a":0,"k":[285.995,245.469],"ix":2},"a":{"a":0,"k":[0,0],"ix":1},"s":{"a":0,"k":[100,100],"ix":3},"r":{"a":0,"k":0,"ix":6},"o":{"a":0,"k":100,"ix":7},"sk":{"a":0,"k":0,"ix":4},"sa":{"a":0,"k":0,"ix":5},"nm":"Transform"}],"nm":"Group 26","np":5,"cix":2,"bm":0,"ix":26,"mn":"ADBE Vector Group","hd":false},{"ty":"gr","it":[{"ind":0,"ty":"sh","ix":1,"ks":{"a":0,"k":{"i":[[0,0],[0,0],[0,0],[0,0],[0,0],[0,0],[0,0],[0,0]],"o":[[0,0],[0,0],[0,0],[0,0],[0,0],[0,0],[0,0],[0,0]],"v":[[-2.671,-15.78],[-14.97,-15.78],[-14.97,-20.219],[14.969,-20.219],[14.969,-15.78],[2.609,-15.78],[2.609,20.219],[-2.671,20.219]],"c":true},"ix":2},"nm":"Path 1","mn":"ADBE Vector Shape - Group","hd":false},{"ty":"fl","c":{"a":0,"k":[0,0,0,1],"ix":4},"o":{"a":0,"k":100,"ix":5},"r":1,"bm":0,"nm":"Fill 1","mn":"ADBE Vector Graphic - Fill","hd":false},{"ty":"tr","p":{"a":0,"k":[264.785,245.5],"ix":2},"a":{"a":0,"k":[0,0],"ix":1},"s":{"a":0,"k":[100,100],"ix":3},"r":{"a":0,"k":0,"ix":6},"o":{"a":0,"k":100,"ix":7},"sk":{"a":0,"k":0,"ix":4},"sa":{"a":0,"k":0,"ix":5},"nm":"Transform"}],"nm":"Group 27","np":2,"cix":2,"bm":0,"ix":27,"mn":"ADBE Vector Group","hd":false},{"ty":"gr","it":[{"ind":0,"ty":"sh","ix":1,"ks":{"a":0,"k":{"i":[[1.095,-0.919],[0,0],[0.92,1.096],[0,0],[-1.095,0.919],[0,0],[-0.919,-1.096],[0,0]],"o":[[0,0],[-1.095,0.919],[0,0],[-0.919,-1.095],[0,0],[1.095,-0.919],[0,0],[0.92,1.095]],"v":[[14.322,-4.431],[-6.851,13.336],[-10.514,13.014],[-14.643,8.094],[-14.323,4.43],[6.85,-13.336],[10.513,-13.015],[14.642,-8.094]],"c":true},"ix":2},"nm":"Path 1","mn":"ADBE Vector Shape - Group","hd":false},{"ty":"st","c":{"a":0,"k":[0.004000000393,0.226999993418,0.33300000359,1],"ix":3},"o":{"a":0,"k":100,"ix":4},"w":{"a":0,"k":5.2,"ix":5},"lc":1,"lj":1,"ml":10,"bm":0,"nm":"Stroke 1","mn":"ADBE Vector Graphic - Stroke","hd":false},{"ty":"fl","c":{"a":0,"k":[0.004000000393,0.226999993418,0.33300000359,1],"ix":4},"o":{"a":0,"k":100,"ix":5},"r":1,"bm":0,"nm":"Fill 1","mn":"ADBE Vector Graphic - Fill","hd":false},{"ty":"tr","p":{"a":0,"k":[113.394,226.653],"ix":2},"a":{"a":0,"k":[0,0],"ix":1},"s":{"a":0,"k":[100,100],"ix":3},"r":{"a":0,"k":0,"ix":6},"o":{"a":0,"k":100,"ix":7},"sk":{"a":0,"k":0,"ix":4},"sa":{"a":0,"k":0,"ix":5},"nm":"Transform"}],"nm":"Group 28","np":3,"cix":2,"bm":0,"ix":28,"mn":"ADBE Vector Group","hd":false},{"ty":"gr","it":[{"ind":0,"ty":"sh","ix":1,"ks":{"a":0,"k":{"i":[[0.148,-1.236],[0,0],[1.235,0.148],[0,0],[-0.149,1.236],[-1.236,-0.149],[0,0]],"o":[[0,0],[-0.148,1.236],[0,0],[-1.235,-0.149],[0.148,-1.235],[0,0],[1.236,0.148]],"v":[[13.129,1.577],[13.129,1.577],[10.613,3.554],[-11.152,0.94],[-13.128,-1.577],[-10.611,-3.553],[11.152,-0.939]],"c":true},"ix":2},"nm":"Path 1","mn":"ADBE Vector Shape - Group","hd":false},{"ty":"fl","c":{"a":0,"k":[0.902000038297,0.902000038297,0.902000038297,1],"ix":4},"o":{"a":0,"k":100,"ix":5},"r":1,"bm":0,"nm":"Fill 1","mn":"ADBE Vector Graphic - Fill","hd":false},{"ty":"tr","p":{"a":0,"k":[169.102,276.221],"ix":2},"a":{"a":0,"k":[0,0],"ix":1},"s":{"a":0,"k":[100,100],"ix":3},"r":{"a":0,"k":0,"ix":6},"o":{"a":0,"k":100,"ix":7},"sk":{"a":0,"k":0,"ix":4},"sa":{"a":0,"k":0,"ix":5},"nm":"Transform"}],"nm":"Group 29","np":2,"cix":2,"bm":0,"ix":29,"mn":"ADBE Vector Group","hd":false},{"ty":"gr","it":[{"ind":0,"ty":"sh","ix":1,"ks":{"a":0,"k":{"i":[[0,0],[-1.037,0.953],[-10.845,-7.593],[1.699,-4.083],[1.262,0.884],[0,0]],"o":[[-1.263,-0.884],[3.255,-2.992],[10.844,7.594],[-0.541,1.3],[0,0],[0,0]],"v":[[-15.281,-3.686],[-15.717,-7.237],[5.91,-7.204],[13.339,13.108],[9.852,13.914],[-2.103,5.543]],"c":true},"ix":2},"nm":"Path 1","mn":"ADBE Vector Shape - Group","hd":false},{"ty":"st","c":{"a":0,"k":[0.004000000393,0.226999993418,0.33300000359,1],"ix":3},"o":{"a":0,"k":100,"ix":4},"w":{"a":0,"k":5.2,"ix":5},"lc":1,"lj":1,"ml":10,"bm":0,"nm":"Stroke 1","mn":"ADBE Vector Graphic - Stroke","hd":false},{"ty":"fl","c":{"a":0,"k":[0.004000000393,0.226999993418,0.33300000359,1],"ix":4},"o":{"a":0,"k":100,"ix":5},"r":1,"bm":0,"nm":"Fill 1","mn":"ADBE Vector Graphic - Fill","hd":false},{"ty":"tr","p":{"a":0,"k":[195.322,222.979],"ix":2},"a":{"a":0,"k":[0,0],"ix":1},"s":{"a":0,"k":[100,100],"ix":3},"r":{"a":0,"k":0,"ix":6},"o":{"a":0,"k":100,"ix":7},"sk":{"a":0,"k":0,"ix":4},"sa":{"a":0,"k":0,"ix":5},"nm":"Transform"}],"nm":"Group 30","np":3,"cix":2,"bm":0,"ix":30,"mn":"ADBE Vector Group","hd":false},{"ty":"gr","it":[{"ind":0,"ty":"sh","ix":1,"ks":{"a":0,"k":{"i":[[1.244,0],[0,0],[0,1.245],[0,0],[-1.245,0],[0,-1.244],[0,0]],"o":[[0,0],[-1.245,0],[0,0],[0,-1.244],[1.244,0],[0,0],[0,1.245]],"v":[[0,15.96],[0,15.96],[-2.263,13.697],[-2.263,-13.697],[0,-15.96],[2.263,-13.697],[2.263,13.697]],"c":true},"ix":2},"nm":"Path 1","mn":"ADBE Vector Shape - Group","hd":false},{"ty":"fl","c":{"a":0,"k":[0.902000038297,0.902000038297,0.902000038297,1],"ix":4},"o":{"a":0,"k":100,"ix":5},"r":1,"bm":0,"nm":"Fill 1","mn":"ADBE Vector Graphic - Fill","hd":false},{"ty":"tr","p":{"a":0,"k":[156.114,290.619],"ix":2},"a":{"a":0,"k":[0,0],"ix":1},"s":{"a":0,"k":[100,100],"ix":3},"r":{"a":0,"k":0,"ix":6},"o":{"a":0,"k":100,"ix":7},"sk":{"a":0,"k":0,"ix":4},"sa":{"a":0,"k":0,"ix":5},"nm":"Transform"}],"nm":"Group 31","np":2,"cix":2,"bm":0,"ix":31,"mn":"ADBE Vector Group","hd":false},{"ty":"gr","it":[{"ind":0,"ty":"sh","ix":1,"ks":{"a":0,"k":{"i":[[0,0],[-15.669,-0.814]],"o":[[2.378,15.836],[0,0]],"v":[[-15.65,-14.209],[15.65,14.209]],"c":false},"ix":2},"nm":"Path 1","mn":"ADBE Vector Shape - Group","hd":false},{"ty":"st","c":{"a":0,"k":[0,0.532999973671,0.638999968884,1],"ix":3},"o":{"a":0,"k":100,"ix":4},"w":{"a":0,"k":10.4,"ix":5},"lc":2,"lj":1,"ml":10,"bm":0,"d":[{"n":"d","nm":"dash","v":{"a":0,"k":0.13,"ix":1}},{"n":"g","nm":"gap","v":{"a":0,"k":20.8,"ix":2}},{"n":"o","nm":"offset","v":{"a":0,"k":0,"ix":7}}],"nm":"Stroke 1","mn":"ADBE Vector Graphic - Stroke","hd":false},{"ty":"tr","p":{"a":0,"k":[127.632,303.074],"ix":2},"a":{"a":0,"k":[0,0],"ix":1},"s":{"a":0,"k":[100,100],"ix":3},"r":{"a":0,"k":0,"ix":6},"o":{"a":0,"k":100,"ix":7},"sk":{"a":0,"k":0,"ix":4},"sa":{"a":0,"k":0,"ix":5},"nm":"Transform"}],"nm":"Group 32","np":2,"cix":2,"bm":0,"ix":32,"mn":"ADBE Vector Group","hd":false},{"ty":"gr","it":[{"ind":0,"ty":"sh","ix":1,"ks":{"a":0,"k":{"i":[[0,0],[-1.313,25.074],[25.073,1.314],[1.314,-25.074],[0.01,-0.298]],"o":[[25.073,1.314],[1.314,-25.073],[-25.074,-1.314],[-0.015,0.299],[0,0]],"v":[[-3.016,45.399],[44.762,2.378],[1.742,-45.399],[-46.038,-2.378],[-46.076,-1.484]],"c":false},"ix":2},"nm":"Path 1","mn":"ADBE Vector Shape - Group","hd":false},{"ty":"st","c":{"a":0,"k":[0.004000000393,0.226999993418,0.33300000359,1],"ix":3},"o":{"a":0,"k":100,"ix":4},"w":{"a":0,"k":10.4,"ix":5},"lc":2,"lj":1,"ml":10,"bm":0,"nm":"Stroke 1","mn":"ADBE Vector Graphic - Stroke","hd":false},{"ty":"tr","p":{"a":0,"k":[156.8,274.354],"ix":2},"a":{"a":0,"k":[0,0],"ix":1},"s":{"a":0,"k":[100,100],"ix":3},"r":{"a":0,"k":0,"ix":6},"o":{"a":0,"k":100,"ix":7},"sk":{"a":0,"k":0,"ix":4},"sa":{"a":0,"k":0,"ix":5},"nm":"Transform"}],"nm":"Group 33","np":2,"cix":2,"bm":0,"ix":33,"mn":"ADBE Vector Group","hd":false},{"ty":"gr","it":[{"ind":0,"ty":"sh","ix":1,"ks":{"a":0,"k":{"i":[[0,2.151],[-2.151,0],[0,-2.151],[2.151,0]],"o":[[0,-2.151],[2.151,0],[0,2.151],[-2.151,0]],"v":[[-3.894,0],[0.001,-3.895],[3.895,0],[0.001,3.895]],"c":true},"ix":2},"nm":"Path 1","mn":"ADBE Vector Shape - Group","hd":false},{"ty":"fl","c":{"a":0,"k":[0.902000038297,0.902000038297,0.902000038297,1],"ix":4},"o":{"a":0,"k":100,"ix":5},"r":1,"bm":0,"nm":"Fill 1","mn":"ADBE Vector Graphic - Fill","hd":false},{"ty":"tr","p":{"a":0,"k":[156.175,274.668],"ix":2},"a":{"a":0,"k":[0,0],"ix":1},"s":{"a":0,"k":[100,100],"ix":3},"r":{"a":0,"k":0,"ix":6},"o":{"a":0,"k":100,"ix":7},"sk":{"a":0,"k":0,"ix":4},"sa":{"a":0,"k":0,"ix":5},"nm":"Transform"}],"nm":"Group 34","np":2,"cix":2,"bm":0,"ix":34,"mn":"ADBE Vector Group","hd":false},{"ty":"gr","it":[{"ind":0,"ty":"sh","ix":1,"ks":{"a":0,"k":{"i":[[0,-19.554],[19.554,0],[0,19.554],[-19.555,0]],"o":[[0,19.554],[-19.555,0],[0,-19.554],[19.554,0]],"v":[[35.407,0],[0.001,35.406],[-35.406,0],[0.001,-35.406]],"c":true},"ix":2},"nm":"Path 1","mn":"ADBE Vector Shape - Group","hd":false},{"ty":"st","c":{"a":0,"k":[0,0.532999973671,0.638999968884,1],"ix":3},"o":{"a":0,"k":100,"ix":4},"w":{"a":0,"k":2.08,"ix":5},"lc":1,"lj":1,"ml":10,"bm":0,"nm":"Stroke 1","mn":"ADBE Vector Graphic - Stroke","hd":false},{"ty":"fl","c":{"a":0,"k":[0,0.532999973671,0.638999968884,1],"ix":4},"o":{"a":0,"k":100,"ix":5},"r":1,"bm":0,"nm":"Fill 1","mn":"ADBE Vector Graphic - Fill","hd":false},{"ty":"tr","p":{"a":0,"k":[156.175,274.355],"ix":2},"a":{"a":0,"k":[0,0],"ix":1},"s":{"a":0,"k":[100,100],"ix":3},"r":{"a":0,"k":0,"ix":6},"o":{"a":0,"k":100,"ix":7},"sk":{"a":0,"k":0,"ix":4},"sa":{"a":0,"k":0,"ix":5},"nm":"Transform"}],"nm":"Group 35","np":3,"cix":2,"bm":0,"ix":35,"mn":"ADBE Vector Group","hd":false},{"ty":"gr","it":[{"ind":0,"ty":"sh","ix":1,"ks":{"a":0,"k":{"i":[[27.5,0],[0,0],[0,27.5],[0,0],[-27.5,0],[0,0],[0,-27.5],[0,0]],"o":[[0,0],[-27.5,0],[0,0],[0,-27.5],[0,0],[27.5,0],[0,0],[0,27.5]],"v":[[267.25,364.859],[-267.25,364.859],[-317.25,314.859],[-317.25,-314.859],[-267.25,-364.859],[267.25,-364.859],[317.25,-314.859],[317.25,314.859]],"c":true},"ix":2},"nm":"Path 1","mn":"ADBE Vector Shape - Group","hd":false},{"ty":"st","c":{"a":0,"k":[0.081999999402,0.081999999402,0.081999999402,1],"ix":3},"o":{"a":0,"k":100,"ix":4},"w":{"a":0,"k":20,"ix":5},"lc":1,"lj":1,"ml":10,"bm":0,"nm":"Stroke 1","mn":"ADBE Vector Graphic - Stroke","hd":false},{"ty":"fl","c":{"a":0,"k":[0.922000002394,0.922000002394,0.922000002394,1],"ix":4},"o":{"a":0,"k":100,"ix":5},"r":1,"bm":0,"nm":"Fill 1","mn":"ADBE Vector Graphic - Fill","hd":false},{"ty":"tr","p":{"a":0,"k":[360,528.672],"ix":2},"a":{"a":0,"k":[0,0],"ix":1},"s":{"a":0,"k":[100,100],"ix":3},"r":{"a":0,"k":0,"ix":6},"o":{"a":0,"k":100,"ix":7},"sk":{"a":0,"k":0,"ix":4},"sa":{"a":0,"k":0,"ix":5},"nm":"Transform"}],"nm":"Group 36","np":3,"cix":2,"bm":0,"ix":36,"mn":"ADBE Vector Group","hd":false}],"ip":0,"op":180,"st":0,"bm":0}],"markers":[]}