{"v":"5.7.1","fr":60,"ip":0,"op":300,"w":2000,"h":2000,"nm":"LogoAnimationTickTrack","ddd":0,"assets":[{"id":"comp_0","layers":[{"ddd":0,"ind":1,"ty":4,"nm":"Base Clock/TickTrackLauncherLogo Outlines","sr":1,"ks":{"o":{"a":0,"k":100,"ix":11},"r":{"a":0,"k":0,"ix":10},"p":{"a":0,"k":[984,-864,0],"ix":2},"a":{"a":0,"k":[1562,1562,0],"ix":1},"s":{"a":0,"k":[110,110,100],"ix":6}},"ao":0,"shapes":[{"ty":"gr","it":[{"ind":0,"ty":"sh","ix":1,"ks":{"a":0,"k":{"i":[[0,82.73],[-82.731,0],[0,-82.731],[82.732,0]],"o":[[0,-82.731],[82.732,0],[0,82.73],[-82.731,0]],"v":[[-149.797,0],[-0.001,-149.798],[149.797,0],[-0.001,149.798]],"c":true},"ix":2},"nm":"Path 1","mn":"ADBE Vector Shape - Group","hd":false},{"ty":"fl","c":{"a":0,"k":[0.902000038297,0.902000038297,0.902000038297,1],"ix":4},"o":{"a":0,"k":100,"ix":5},"r":1,"bm":0,"nm":"Fill 1","mn":"ADBE Vector Graphic - Fill","hd":false},{"ty":"tr","p":{"a":0,"k":[1561.779,1573.849],"ix":2},"a":{"a":0,"k":[0,0],"ix":1},"s":{"a":0,"k":[100,100],"ix":3},"r":{"a":0,"k":0,"ix":6},"o":{"a":0,"k":100,"ix":7},"sk":{"a":0,"k":0,"ix":4},"sa":{"a":0,"k":0,"ix":5},"nm":"Transform"}],"nm":"Group 1","np":2,"cix":2,"bm":0,"ix":1,"mn":"ADBE Vector Group","hd":false},{"ty":"gr","it":[{"ind":0,"ty":"sh","ix":1,"ks":{"a":0,"k":{"i":[[0,-752.089],[752.09,0],[0,752.09],[-752.09,0]],"o":[[0,752.09],[-752.09,0],[0,-752.089],[752.09,0]],"v":[[1361.779,0],[0,1361.779],[-1361.779,0],[0,-1361.779]],"c":true},"ix":2},"nm":"Path 1","mn":"ADBE Vector Shape - Group","hd":false},{"ty":"st","c":{"a":0,"k":[0,0.532999973671,0.638999968884,1],"ix":3},"o":{"a":0,"k":100,"ix":4},"w":{"a":0,"k":80,"ix":5},"lc":1,"lj":1,"ml":10,"bm":0,"nm":"Stroke 1","mn":"ADBE Vector Graphic - Stroke","hd":false},{"ty":"fl","c":{"a":0,"k":[0,0.532999973671,0.638999968884,1],"ix":4},"o":{"a":0,"k":100,"ix":5},"r":1,"bm":0,"nm":"Fill 1","mn":"ADBE Vector Graphic - Fill","hd":false},{"ty":"tr","p":{"a":0,"k":[1561.779,1561.779],"ix":2},"a":{"a":0,"k":[0,0],"ix":1},"s":{"a":0,"k":[100,100],"ix":3},"r":{"a":0,"k":0,"ix":6},"o":{"a":0,"k":100,"ix":7},"sk":{"a":0,"k":0,"ix":4},"sa":{"a":0,"k":0,"ix":5},"nm":"Transform"}],"nm":"Group 2","np":3,"cix":2,"bm":0,"ix":2,"mn":"ADBE Vector Group","hd":false}],"ip":166,"op":195,"st":0,"bm":0},{"ddd":0,"ind":2,"ty":4,"nm":"SingleLineCircle/TickTrackLauncherLogo Outlines","sr":1,"ks":{"o":{"a":0,"k":100,"ix":11},"r":{"a":1,"k":[{"i":{"x":[0.833],"y":[0.833]},"o":{"x":[0.167],"y":[0.167]},"t":166,"s":[-47]},{"t":195,"s":[38]}],"ix":10},"p":{"a":0,"k":[1008,-736,0],"ix":2},"a":{"a":0,"k":[2772.5,2797,0],"ix":1},"s":{"a":0,"k":[106,106,100],"ix":6}},"ao":0,"shapes":[{"ty":"gr","it":[{"ind":0,"ty":"sh","ix":1,"ks":{"a":0,"k":{"i":[[0,0],[-50.533,964.363],[964.363,50.534],[50.532,-964.363],[0.378,-11.455]],"o":[[964.362,50.533],[50.532,-964.362],[-964.362,-50.532],[-0.603,11.496],[0,0]],"v":[[-116.028,1746.132],[1721.603,91.498],[66.967,-1746.133],[-1770.663,-91.497],[-1772.134,-57.07]],"c":false},"ix":2},"nm":"Path 1","mn":"ADBE Vector Shape - Group","hd":false},{"ty":"st","c":{"a":0,"k":[0.004000000393,0.226999993418,0.33300000359,1],"ix":3},"o":{"a":0,"k":100,"ix":4},"w":{"a":0,"k":400,"ix":5},"lc":2,"lj":1,"ml":10,"bm":0,"nm":"Stroke 1","mn":"ADBE Vector Graphic - Stroke","hd":false},{"ty":"tr","p":{"a":0,"k":[2772.134,2796.666],"ix":2},"a":{"a":0,"k":[0,0],"ix":1},"s":{"a":0,"k":[100,100],"ix":3},"r":{"a":0,"k":0,"ix":6},"o":{"a":0,"k":100,"ix":7},"sk":{"a":0,"k":0,"ix":4},"sa":{"a":0,"k":0,"ix":5},"nm":"Transform"}],"nm":"Group 1","np":2,"cix":2,"bm":0,"ix":1,"mn":"ADBE Vector Group","hd":false}],"ip":166,"op":195,"st":0,"bm":0},{"ddd":0,"ind":3,"ty":4,"nm":"AlarmThingy/TickTrackLauncherLogo Outlines","sr":1,"ks":{"o":{"a":0,"k":100,"ix":11},"r":{"a":0,"k":0,"ix":10},"p":{"a":1,"k":[{"i":{"x":0.667,"y":1},"o":{"x":0.333,"y":0},"t":23,"s":[1000,1000,0],"to":[405,0,0],"ti":[-405,0,0]},{"t":30,"s":[3430,1000,0]}],"ix":2},"a":{"a":0,"k":[1144.5,1069.5,0],"ix":1},"s":{"a":1,"k":[{"i":{"x":[0.667,0.667,0.667],"y":[0.851,0.851,-16.889]},"o":{"x":[0.333,0.333,0.333],"y":[0,0,0]},"t":0,"s":[0,0,100]},{"i":{"x":[0.667,0.667,0.667],"y":[1,1,1]},"o":{"x":[0.333,0.333,0.333],"y":[-0.477,-0.477,9.541]},"t":15,"s":[120,120,100]},{"t":23,"s":[100,100,100]}],"ix":6}},"ao":0,"shapes":[{"ty":"gr","it":[{"ind":0,"ty":"sh","ix":1,"ks":{"a":0,"k":{"i":[[0,0],[-39.886,36.666],[-417.096,-292.054],[65.329,-157.015],[48.569,34.008],[0,0]],"o":[[-48.569,-34.008],[125.203,-115.092],[417.096,292.054],[-20.812,50.022],[0,0],[0,0]],"v":[[-587.758,-141.75],[-604.524,-278.363],[227.314,-277.078],[513.026,504.154],[378.917,535.124],[-80.871,213.176]],"c":true},"ix":2},"nm":"Path 1","mn":"ADBE Vector Shape - Group","hd":false},{"ty":"st","c":{"a":0,"k":[0.004000000393,0.226999993418,0.33300000359,1],"ix":3},"o":{"a":0,"k":100,"ix":4},"w":{"a":0,"k":200,"ix":5},"lc":1,"lj":1,"ml":10,"bm":0,"nm":"Stroke 1","mn":"ADBE Vector Graphic - Stroke","hd":false},{"ty":"fl","c":{"a":0,"k":[0.004000000393,0.226999993418,0.33300000359,1],"ix":4},"o":{"a":0,"k":100,"ix":5},"r":1,"bm":0,"nm":"Fill 1","mn":"ADBE Vector Graphic - Fill","hd":false},{"ty":"tr","p":{"a":0,"k":[1144.41,1069.133],"ix":2},"a":{"a":0,"k":[0,0],"ix":1},"s":{"a":0,"k":[100,100],"ix":3},"r":{"a":0,"k":0,"ix":6},"o":{"a":0,"k":100,"ix":7},"sk":{"a":0,"k":0,"ix":4},"sa":{"a":0,"k":0,"ix":5},"nm":"Transform"}],"nm":"Group 1","np":3,"cix":2,"bm":0,"ix":1,"mn":"ADBE Vector Group","hd":false}],"ip":0,"op":30,"st":0,"bm":0},{"ddd":0,"ind":4,"ty":4,"nm":"Clicker/TickTrackLauncherLogo Outlines","sr":1,"ks":{"o":{"a":0,"k":100,"ix":11},"r":{"a":0,"k":0,"ix":10},"p":{"a":1,"k":[{"i":{"x":0.667,"y":1},"o":{"x":0.333,"y":0},"t":30,"s":[-1679,1000,0],"to":[449.167,0,0],"ti":[-449.167,314.167,0]},{"i":{"x":0.667,"y":1},"o":{"x":0.174,"y":0},"t":45,"s":[1016,1000,0],"to":[335.38,-234.579,0],"ti":[0,0,0]},{"i":{"x":0.667,"y":1},"o":{"x":0.174,"y":0},"t":60,"s":[1016,1000,0],"to":[0,0,0],"ti":[0,0,0]},{"t":67,"s":[-964,-917,0]}],"ix":2},"a":{"a":0,"k":[1099,1048.5,0],"ix":1},"s":{"a":1,"k":[{"i":{"x":[0.667,0.667,0.667],"y":[0.753,0.753,-28.588]},"o":{"x":[0.333,0.333,0.333],"y":[0,0,0]},"t":37,"s":[0,0,100]},{"i":{"x":[0.667,0.667,0.667],"y":[1,1,1]},"o":{"x":[0.333,0.333,0.333],"y":[-0.789,-0.789,15.78]},"t":52,"s":[120,120,100]},{"t":60,"s":[100,100,100]}],"ix":6}},"ao":0,"shapes":[{"ty":"gr","it":[{"ind":0,"ty":"sh","ix":1,"ks":{"a":0,"k":{"i":[[42.133,-35.354],[0,0],[35.353,42.133],[0,0],[-42.133,35.354],[0,0],[-35.354,-42.132],[0,0]],"o":[[0,0],[-42.132,35.353],[0,0],[-35.353,-42.133],[0,0],[42.132,-35.354],[0,0],[35.353,42.132]],"v":[[550.857,-170.408],[-263.475,512.897],[-404.358,500.571],[-563.183,311.292],[-550.857,170.407],[263.475,-512.897],[404.358,-500.571],[563.183,-311.291]],"c":true},"ix":2},"nm":"Path 1","mn":"ADBE Vector Shape - Group","hd":false},{"ty":"st","c":{"a":0,"k":[0.004000000393,0.226999993418,0.33300000359,1],"ix":3},"o":{"a":0,"k":100,"ix":4},"w":{"a":0,"k":200,"ix":5},"lc":1,"lj":1,"ml":10,"bm":0,"nm":"Stroke 1","mn":"ADBE Vector Graphic - Stroke","hd":false},{"ty":"fl","c":{"a":0,"k":[0.004000000393,0.226999993418,0.33300000359,1],"ix":4},"o":{"a":0,"k":100,"ix":5},"r":1,"bm":0,"nm":"Fill 1","mn":"ADBE Vector Graphic - Fill","hd":false},{"ty":"tr","p":{"a":0,"k":[1098.536,1048.251],"ix":2},"a":{"a":0,"k":[0,0],"ix":1},"s":{"a":0,"k":[100,100],"ix":3},"r":{"a":0,"k":0,"ix":6},"o":{"a":0,"k":100,"ix":7},"sk":{"a":0,"k":0,"ix":4},"sa":{"a":0,"k":0,"ix":5},"nm":"Transform"}],"nm":"Group 1","np":3,"cix":2,"bm":0,"ix":1,"mn":"ADBE Vector Group","hd":false}],"ip":15,"op":68,"st":0,"bm":0},{"ddd":0,"ind":5,"ty":4,"nm":"HourHand/TickTrackLauncherLogo Outlines","sr":1,"ks":{"o":{"a":0,"k":100,"ix":11},"r":{"a":0,"k":0,"ix":10},"p":{"a":1,"k":[{"i":{"x":0.833,"y":0.833},"o":{"x":0.167,"y":0.167},"t":134,"s":[1000,-4804,0],"to":[0,570.167,0],"ti":[0,-781,0]},{"i":{"x":0.833,"y":0.833},"o":{"x":0.167,"y":0.167},"t":150,"s":[1000,-1383,0],"to":[0,781,0],"ti":[0,-210.833,0]},{"t":165,"s":[1000,-118,0]}],"ix":2},"a":{"a":0,"k":[87.5,614.5,0],"ix":1},"s":{"a":1,"k":[{"i":{"x":[0.833,0.833,0.833],"y":[0.833,0.833,0.833]},"o":{"x":[0.167,0.167,0.167],"y":[0.167,0.167,0.167]},"t":134,"s":[994,994,100]},{"i":{"x":[0.833,0.833,0.833],"y":[0.833,0.833,0.833]},"o":{"x":[0.167,0.167,0.167],"y":[0.167,0.167,0.167]},"t":150,"s":[537,537,100]},{"t":165,"s":[338,338,100]}],"ix":6}},"ao":0,"shapes":[{"ty":"gr","it":[{"ind":0,"ty":"sh","ix":1,"ks":{"a":0,"k":{"i":[[47.865,0],[0,0],[0,47.866],[0,0],[-47.865,0],[0,0],[0,-47.866],[0,0]],"o":[[0,0],[-47.865,0],[0,0],[0,-47.866],[0,0],[47.865,0],[0,0],[0,47.866]],"v":[[0.001,613.838],[-0.001,613.838],[-87.028,526.81],[-87.028,-526.808],[-0.001,-613.838],[0.001,-613.838],[87.028,-526.808],[87.028,526.81]],"c":true},"ix":2},"nm":"Path 1","mn":"ADBE Vector Shape - Group","hd":false},{"ty":"fl","c":{"a":0,"k":[0.902000038297,0.902000038297,0.902000038297,1],"ix":4},"o":{"a":0,"k":100,"ix":5},"r":1,"bm":0,"nm":"Fill 1","mn":"ADBE Vector Graphic - Fill","hd":false},{"ty":"tr","p":{"a":0,"k":[87.278,614.088],"ix":2},"a":{"a":0,"k":[0,0],"ix":1},"s":{"a":0,"k":[100,100],"ix":3},"r":{"a":0,"k":0,"ix":6},"o":{"a":0,"k":100,"ix":7},"sk":{"a":0,"k":0,"ix":4},"sa":{"a":0,"k":0,"ix":5},"nm":"Transform"}],"nm":"Group 1","np":2,"cix":2,"bm":0,"ix":1,"mn":"ADBE Vector Group","hd":false}],"ip":134,"op":166,"st":0,"bm":0},{"ddd":0,"ind":6,"ty":4,"nm":"MinuteHand/TickTrackLauncherLogo Outlines","sr":1,"ks":{"o":{"a":0,"k":100,"ix":11},"r":{"a":0,"k":0,"ix":10},"p":{"a":1,"k":[{"i":{"x":0.833,"y":0.833},"o":{"x":0.167,"y":0.167},"t":134,"s":[3863,665,0],"to":[-179.833,-100,0],"ti":[210.167,141.833,0]},{"i":{"x":0.833,"y":0.833},"o":{"x":0.167,"y":0.167},"t":150,"s":[2784,65,0],"to":[-210.167,-141.833,0],"ti":[30.333,41.833,0]},{"t":165,"s":[2602,-186,0]}],"ix":2},"a":{"a":0,"k":[511,143,0],"ix":1},"s":{"a":1,"k":[{"i":{"x":[0.833,0.833,0.833],"y":[0.833,0.833,0.833]},"o":{"x":[0.167,0.167,0.167],"y":[0.167,0.167,0.167]},"t":134,"s":[586,586,100]},{"i":{"x":[0.833,0.833,0.833],"y":[0.833,0.833,0.833]},"o":{"x":[0.167,0.167,0.167],"y":[0.167,0.167,0.167]},"t":150,"s":[321,321,100]},{"t":165,"s":[278,278,100]}],"ix":6}},"ao":0,"shapes":[{"ty":"gr","it":[{"ind":0,"ty":"sh","ix":1,"ks":{"a":0,"k":{"i":[[5.708,-47.523],[0,0],[47.523,5.708],[0,0],[-5.708,47.523],[0,0],[-47.525,-5.708],[0,0]],"o":[[0,0],[-5.708,47.523],[0,0],[-47.524,-5.708],[0,0],[5.707,-47.523],[0,0],[47.523,5.708]],"v":[[504.931,60.644],[504.931,60.645],[408.146,136.674],[-428.901,36.141],[-504.93,-60.644],[-504.93,-60.645],[-408.146,-136.674],[428.902,-36.141]],"c":true},"ix":2},"nm":"Path 1","mn":"ADBE Vector Shape - Group","hd":false},{"ty":"fl","c":{"a":0,"k":[0.902000038297,0.902000038297,0.902000038297,1],"ix":4},"o":{"a":0,"k":100,"ix":5},"r":1,"bm":0,"nm":"Fill 1","mn":"ADBE Vector Graphic - Fill","hd":false},{"ty":"tr","p":{"a":0,"k":[510.888,142.632],"ix":2},"a":{"a":0,"k":[0,0],"ix":1},"s":{"a":0,"k":[100,100],"ix":3},"r":{"a":0,"k":0,"ix":6},"o":{"a":0,"k":100,"ix":7},"sk":{"a":0,"k":0,"ix":4},"sa":{"a":0,"k":0,"ix":5},"nm":"Transform"}],"nm":"Group 1","np":2,"cix":2,"bm":0,"ix":1,"mn":"ADBE Vector Group","hd":false}],"ip":134,"op":166,"st":0,"bm":0},{"ddd":0,"ind":7,"ty":4,"nm":"MinuteHand/TickTrackLauncherLogo Outlines","sr":1,"ks":{"o":{"a":0,"k":100,"ix":11},"r":{"a":0,"k":0,"ix":10},"p":{"a":1,"k":[{"i":{"x":0.833,"y":0.833},"o":{"x":0.167,"y":0.167},"t":105,"s":[-2974,669,0],"to":[479,68.667,0],"ti":[-614.333,-85,0]},{"i":{"x":0.833,"y":0.833},"o":{"x":0.167,"y":0.167},"t":120,"s":[-100,1081,0],"to":[614.333,85,0],"ti":[-135.333,-16.333,0]},{"t":134,"s":[712,1179,0]}],"ix":2},"a":{"a":0,"k":[511,143,0],"ix":1},"s":{"a":1,"k":[{"i":{"x":[0.833,0.833,0.833],"y":[0.833,0.833,0.833]},"o":{"x":[0.167,0.167,0.167],"y":[0.167,0.167,0.167]},"t":105,"s":[856,856,100]},{"i":{"x":[0.833,0.833,0.833],"y":[0.833,0.833,0.833]},"o":{"x":[0.167,0.167,0.167],"y":[0.167,0.167,0.167]},"t":120,"s":[405,405,100]},{"t":134,"s":[229,229,100]}],"ix":6}},"ao":0,"shapes":[{"ty":"gr","it":[{"ind":0,"ty":"sh","ix":1,"ks":{"a":0,"k":{"i":[[5.708,-47.523],[0,0],[47.523,5.708],[0,0],[-5.708,47.523],[0,0],[-47.525,-5.708],[0,0]],"o":[[0,0],[-5.708,47.523],[0,0],[-47.524,-5.708],[0,0],[5.707,-47.523],[0,0],[47.523,5.708]],"v":[[504.931,60.644],[504.931,60.645],[408.146,136.674],[-428.901,36.141],[-504.93,-60.644],[-504.93,-60.645],[-408.146,-136.674],[428.902,-36.141]],"c":true},"ix":2},"nm":"Path 1","mn":"ADBE Vector Shape - Group","hd":false},{"ty":"fl","c":{"a":0,"k":[0.902000038297,0.902000038297,0.902000038297,1],"ix":4},"o":{"a":0,"k":100,"ix":5},"r":1,"bm":0,"nm":"Fill 1","mn":"ADBE Vector Graphic - Fill","hd":false},{"ty":"tr","p":{"a":0,"k":[510.888,142.632],"ix":2},"a":{"a":0,"k":[0,0],"ix":1},"s":{"a":0,"k":[100,100],"ix":3},"r":{"a":0,"k":0,"ix":6},"o":{"a":0,"k":100,"ix":7},"sk":{"a":0,"k":0,"ix":4},"sa":{"a":0,"k":0,"ix":5},"nm":"Transform"}],"nm":"Group 1","np":2,"cix":2,"bm":0,"ix":1,"mn":"ADBE Vector Group","hd":false}],"ip":105,"op":134,"st":0,"bm":0},{"ddd":0,"ind":8,"ty":4,"nm":"Base Clock/TickTrackLauncherLogo Outlines","sr":1,"ks":{"o":{"a":0,"k":100,"ix":11},"r":{"a":0,"k":0,"ix":10},"p":{"a":1,"k":[{"i":{"x":0.833,"y":0.833},"o":{"x":0.167,"y":0.167},"t":60,"s":[2055,2087,0],"to":[-175.833,-181.167,0],"ti":[175.833,181.167,0]},{"i":{"x":0.833,"y":0.833},"o":{"x":0.167,"y":0.167},"t":75,"s":[1000,1000,0],"to":[0,0,0],"ti":[0,0,0]},{"i":{"x":0.833,"y":0.833},"o":{"x":0.167,"y":0.167},"t":90,"s":[1000,1000,0],"to":[-96.667,-13.5,0],"ti":[191.5,-5.833,0]},{"i":{"x":0.833,"y":0.833},"o":{"x":0.167,"y":0.167},"t":105,"s":[420,919,0],"to":[-191.5,5.833,0],"ti":[122,-19.333,0]},{"i":{"x":0.833,"y":0.833},"o":{"x":0.167,"y":0.167},"t":119,"s":[-149,1035,0],"to":[-122,19.333,0],"ti":[27.167,0,0]},{"t":133,"s":[-312,1035,0]}],"ix":2},"a":{"a":0,"k":[1562,1562,0],"ix":1},"s":{"a":1,"k":[{"i":{"x":[0.833,0.833,0.833],"y":[0.833,0.833,0.833]},"o":{"x":[0.167,0.167,0.167],"y":[0.167,0.167,0.167]},"t":60,"s":[0,0,100]},{"i":{"x":[0.833,0.833,0.833],"y":[0.833,0.833,0.833]},"o":{"x":[0.167,0.167,0.167],"y":[0.167,0.167,0.167]},"t":75,"s":[48,48,100]},{"i":{"x":[0.833,0.833,0.833],"y":[0.833,0.833,0.833]},"o":{"x":[0.167,0.167,0.167],"y":[0.167,0.167,0.167]},"t":83,"s":[70,70,100]},{"i":{"x":[0.833,0.833,0.833],"y":[0.833,0.833,0.833]},"o":{"x":[0.167,0.167,0.167],"y":[0.167,0.167,0.167]},"t":90,"s":[54,54,100]},{"i":{"x":[0.833,0.833,0.833],"y":[0.833,0.833,0.833]},"o":{"x":[0.167,0.167,0.167],"y":[0.167,0.167,0.167]},"t":105,"s":[650,650,100]},{"i":{"x":[0.833,0.833,0.833],"y":[0.833,0.833,0.833]},"o":{"x":[0.167,0.167,0.167],"y":[0.167,0.167,0.167]},"t":119,"s":[416,416,100]},{"t":133,"s":[205,205,100]}],"ix":6}},"ao":0,"shapes":[{"ty":"gr","it":[{"ind":0,"ty":"sh","ix":1,"ks":{"a":0,"k":{"i":[[0,82.73],[-82.731,0],[0,-82.731],[82.732,0]],"o":[[0,-82.731],[82.732,0],[0,82.73],[-82.731,0]],"v":[[-149.797,0],[-0.001,-149.798],[149.797,0],[-0.001,149.798]],"c":true},"ix":2},"nm":"Path 1","mn":"ADBE Vector Shape - Group","hd":false},{"ty":"fl","c":{"a":0,"k":[0.902000038297,0.902000038297,0.902000038297,1],"ix":4},"o":{"a":0,"k":100,"ix":5},"r":1,"bm":0,"nm":"Fill 1","mn":"ADBE Vector Graphic - Fill","hd":false},{"ty":"tr","p":{"a":0,"k":[1561.779,1573.849],"ix":2},"a":{"a":0,"k":[0,0],"ix":1},"s":{"a":0,"k":[100,100],"ix":3},"r":{"a":0,"k":0,"ix":6},"o":{"a":0,"k":100,"ix":7},"sk":{"a":0,"k":0,"ix":4},"sa":{"a":0,"k":0,"ix":5},"nm":"Transform"}],"nm":"Group 1","np":2,"cix":2,"bm":0,"ix":1,"mn":"ADBE Vector Group","hd":false},{"ty":"gr","it":[{"ind":0,"ty":"sh","ix":1,"ks":{"a":0,"k":{"i":[[0,-752.089],[752.09,0],[0,752.09],[-752.09,0]],"o":[[0,752.09],[-752.09,0],[0,-752.089],[752.09,0]],"v":[[1361.779,0],[0,1361.779],[-1361.779,0],[0,-1361.779]],"c":true},"ix":2},"nm":"Path 1","mn":"ADBE Vector Shape - Group","hd":false},{"ty":"st","c":{"a":0,"k":[0,0.532999973671,0.638999968884,1],"ix":3},"o":{"a":0,"k":100,"ix":4},"w":{"a":0,"k":80,"ix":5},"lc":1,"lj":1,"ml":10,"bm":0,"nm":"Stroke 1","mn":"ADBE Vector Graphic - Stroke","hd":false},{"ty":"fl","c":{"a":0,"k":[0,0.532999973671,0.638999968884,1],"ix":4},"o":{"a":0,"k":100,"ix":5},"r":1,"bm":0,"nm":"Fill 1","mn":"ADBE Vector Graphic - Fill","hd":false},{"ty":"tr","p":{"a":0,"k":[1561.779,1561.779],"ix":2},"a":{"a":0,"k":[0,0],"ix":1},"s":{"a":0,"k":[100,100],"ix":3},"r":{"a":0,"k":0,"ix":6},"o":{"a":0,"k":100,"ix":7},"sk":{"a":0,"k":0,"ix":4},"sa":{"a":0,"k":0,"ix":5},"nm":"Transform"}],"nm":"Group 2","np":3,"cix":2,"bm":0,"ix":2,"mn":"ADBE Vector Group","hd":false}],"ip":60,"op":134,"st":0,"bm":0},{"ddd":0,"ind":9,"ty":4,"nm":"Base Clock/TickTrackLauncherLogo Outlines","sr":1,"ks":{"o":{"a":0,"k":100,"ix":11},"r":{"a":0,"k":0,"ix":10},"p":{"a":1,"k":[{"i":{"x":0.833,"y":0.833},"o":{"x":0.167,"y":0.167},"t":134,"s":[1000,163,0],"to":[0,-102.5,0],"ti":[0,102.5,0]},{"t":165,"s":[1000,-452,0]}],"ix":2},"a":{"a":0,"k":[1562,1562,0],"ix":1},"s":{"a":1,"k":[{"i":{"x":[0.833,0.833,0.833],"y":[0.833,0.833,0.833]},"o":{"x":[0.167,0.167,0.167],"y":[0.167,0.167,0.167]},"t":134,"s":[701,701,100]},{"i":{"x":[0.833,0.833,0.833],"y":[0.833,0.833,0.833]},"o":{"x":[0.167,0.167,0.167],"y":[0.167,0.167,0.167]},"t":150,"s":[455,455,100]},{"t":165,"s":[280,280,100]}],"ix":6}},"ao":0,"shapes":[{"ty":"gr","it":[{"ind":0,"ty":"sh","ix":1,"ks":{"a":0,"k":{"i":[[0,82.73],[-82.731,0],[0,-82.731],[82.732,0]],"o":[[0,-82.731],[82.732,0],[0,82.73],[-82.731,0]],"v":[[-149.797,0],[-0.001,-149.798],[149.797,0],[-0.001,149.798]],"c":true},"ix":2},"nm":"Path 1","mn":"ADBE Vector Shape - Group","hd":false},{"ty":"fl","c":{"a":0,"k":[0.902000038297,0.902000038297,0.902000038297,1],"ix":4},"o":{"a":0,"k":100,"ix":5},"r":1,"bm":0,"nm":"Fill 1","mn":"ADBE Vector Graphic - Fill","hd":false},{"ty":"tr","p":{"a":0,"k":[1561.779,1573.849],"ix":2},"a":{"a":0,"k":[0,0],"ix":1},"s":{"a":0,"k":[100,100],"ix":3},"r":{"a":0,"k":0,"ix":6},"o":{"a":0,"k":100,"ix":7},"sk":{"a":0,"k":0,"ix":4},"sa":{"a":0,"k":0,"ix":5},"nm":"Transform"}],"nm":"Group 1","np":2,"cix":2,"bm":0,"ix":1,"mn":"ADBE Vector Group","hd":false},{"ty":"gr","it":[{"ind":0,"ty":"sh","ix":1,"ks":{"a":0,"k":{"i":[[0,-752.089],[752.09,0],[0,752.09],[-752.09,0]],"o":[[0,752.09],[-752.09,0],[0,-752.089],[752.09,0]],"v":[[1361.779,0],[0,1361.779],[-1361.779,0],[0,-1361.779]],"c":true},"ix":2},"nm":"Path 1","mn":"ADBE Vector Shape - Group","hd":false},{"ty":"st","c":{"a":0,"k":[0,0.532999973671,0.638999968884,1],"ix":3},"o":{"a":0,"k":100,"ix":4},"w":{"a":0,"k":80,"ix":5},"lc":1,"lj":1,"ml":10,"bm":0,"nm":"Stroke 1","mn":"ADBE Vector Graphic - Stroke","hd":false},{"ty":"fl","c":{"a":0,"k":[0,0.532999973671,0.638999968884,1],"ix":4},"o":{"a":0,"k":100,"ix":5},"r":1,"bm":0,"nm":"Fill 1","mn":"ADBE Vector Graphic - Fill","hd":false},{"ty":"tr","p":{"a":0,"k":[1561.779,1561.779],"ix":2},"a":{"a":0,"k":[0,0],"ix":1},"s":{"a":0,"k":[100,100],"ix":3},"r":{"a":0,"k":0,"ix":6},"o":{"a":0,"k":100,"ix":7},"sk":{"a":0,"k":0,"ix":4},"sa":{"a":0,"k":0,"ix":5},"nm":"Transform"}],"nm":"Group 2","np":3,"cix":2,"bm":0,"ix":2,"mn":"ADBE Vector Group","hd":false}],"ip":134,"op":166,"st":0,"bm":0}]}],"layers":[{"ddd":0,"ind":1,"ty":0,"nm":"SingularAnimation","refId":"comp_0","sr":1,"ks":{"o":{"a":0,"k":100,"ix":11},"r":{"a":0,"k":0,"ix":10},"p":{"a":0,"k":[1000,1000,0],"ix":2},"a":{"a":0,"k":[1000,1000,0],"ix":1},"s":{"a":0,"k":[100,100,100],"ix":6}},"ao":0,"w":2000,"h":2000,"ip":0,"op":195,"st":0,"bm":0},{"ddd":0,"ind":2,"ty":4,"nm":"SingleLineCircle/TickTrackLauncherLogo Outlines","sr":1,"ks":{"o":{"a":0,"k":100,"ix":11},"r":{"a":1,"k":[{"i":{"x":[0.667],"y":[1]},"o":{"x":[0.333],"y":[0]},"t":195,"s":[-18]},{"i":{"x":[0.667],"y":[1]},"o":{"x":[0.333],"y":[0]},"t":217,"s":[14]},{"t":225,"s":[0]}],"ix":10},"p":{"a":0,"k":[1000,1111,0],"ix":2},"a":{"a":0,"k":[2772.5,2797,0],"ix":1},"s":{"a":0,"k":[40,40,100],"ix":6}},"ao":0,"shapes":[{"ty":"gr","it":[{"ind":0,"ty":"sh","ix":1,"ks":{"a":0,"k":{"i":[[0,0],[-50.533,964.363],[964.363,50.534],[50.532,-964.363],[0.378,-11.455]],"o":[[964.362,50.533],[50.532,-964.362],[-964.362,-50.532],[-0.603,11.496],[0,0]],"v":[[-116.028,1746.132],[1721.603,91.498],[66.967,-1746.133],[-1770.663,-91.497],[-1772.134,-57.07]],"c":false},"ix":2},"nm":"Path 1","mn":"ADBE Vector Shape - Group","hd":false},{"ty":"st","c":{"a":0,"k":[0.004000000393,0.226999993418,0.33300000359,1],"ix":3},"o":{"a":0,"k":100,"ix":4},"w":{"a":0,"k":400,"ix":5},"lc":2,"lj":1,"ml":10,"bm":0,"nm":"Stroke 1","mn":"ADBE Vector Graphic - Stroke","hd":false},{"ty":"tr","p":{"a":0,"k":[2772.134,2796.666],"ix":2},"a":{"a":0,"k":[0,0],"ix":1},"s":{"a":0,"k":[100,100],"ix":3},"r":{"a":0,"k":0,"ix":6},"o":{"a":0,"k":100,"ix":7},"sk":{"a":0,"k":0,"ix":4},"sa":{"a":0,"k":0,"ix":5},"nm":"Transform"}],"nm":"Group 1","np":2,"cix":2,"bm":0,"ix":1,"mn":"ADBE Vector Group","hd":false}],"ip":195,"op":301,"st":0,"bm":0},{"ddd":0,"ind":3,"ty":4,"nm":"MinuteHand/TickTrackLauncherLogo Outlines","sr":1,"ks":{"o":{"a":0,"k":100,"ix":11},"r":{"a":0,"k":0,"ix":10},"p":{"a":1,"k":[{"i":{"x":0.833,"y":0.833},"o":{"x":0.167,"y":0.167},"t":195,"s":[1154,1142,0],"to":[11.333,2,0],"ti":[-11.333,-2,0]},{"t":225,"s":[1222,1154,0]}],"ix":2},"a":{"a":0,"k":[511,143,0],"ix":1},"s":{"a":0,"k":[43,43,100],"ix":6}},"ao":0,"shapes":[{"ty":"gr","it":[{"ind":0,"ty":"sh","ix":1,"ks":{"a":0,"k":{"i":[[5.708,-47.523],[0,0],[47.523,5.708],[0,0],[-5.708,47.523],[0,0],[-47.525,-5.708],[0,0]],"o":[[0,0],[-5.708,47.523],[0,0],[-47.524,-5.708],[0,0],[5.707,-47.523],[0,0],[47.523,5.708]],"v":[[504.931,60.644],[504.931,60.645],[408.146,136.674],[-428.901,36.141],[-504.93,-60.644],[-504.93,-60.645],[-408.146,-136.674],[428.902,-36.141]],"c":true},"ix":2},"nm":"Path 1","mn":"ADBE Vector Shape - Group","hd":false},{"ty":"fl","c":{"a":0,"k":[0.902000038297,0.902000038297,0.902000038297,1],"ix":4},"o":{"a":0,"k":100,"ix":5},"r":1,"bm":0,"nm":"Fill 1","mn":"ADBE Vector Graphic - Fill","hd":false},{"ty":"tr","p":{"a":0,"k":[510.888,142.632],"ix":2},"a":{"a":0,"k":[0,0],"ix":1},"s":{"a":0,"k":[100,100],"ix":3},"r":{"a":0,"k":0,"ix":6},"o":{"a":0,"k":100,"ix":7},"sk":{"a":0,"k":0,"ix":4},"sa":{"a":0,"k":0,"ix":5},"nm":"Transform"}],"nm":"Group 1","np":2,"cix":2,"bm":0,"ix":1,"mn":"ADBE Vector Group","hd":false}],"ip":195,"op":301,"st":0,"bm":0},{"ddd":0,"ind":4,"ty":4,"nm":"HourHand/TickTrackLauncherLogo Outlines","sr":1,"ks":{"o":{"a":0,"k":100,"ix":11},"r":{"a":0,"k":0,"ix":10},"p":{"a":1,"k":[{"i":{"x":0.833,"y":0.833},"o":{"x":0.167,"y":0.167},"t":195,"s":[991,1329.5,0],"to":[0,10.167,0],"ti":[0,-10.167,0]},{"t":225,"s":[991,1390.5,0]}],"ix":2},"a":{"a":0,"k":[87.5,614.5,0],"ix":1},"s":{"a":0,"k":[43,43,100],"ix":6}},"ao":0,"shapes":[{"ty":"gr","it":[{"ind":0,"ty":"sh","ix":1,"ks":{"a":0,"k":{"i":[[47.865,0],[0,0],[0,47.866],[0,0],[-47.865,0],[0,0],[0,-47.866],[0,0]],"o":[[0,0],[-47.865,0],[0,0],[0,-47.866],[0,0],[47.865,0],[0,0],[0,47.866]],"v":[[0.001,613.838],[-0.001,613.838],[-87.028,526.81],[-87.028,-526.808],[-0.001,-613.838],[0.001,-613.838],[87.028,-526.808],[87.028,526.81]],"c":true},"ix":2},"nm":"Path 1","mn":"ADBE Vector Shape - Group","hd":false},{"ty":"fl","c":{"a":0,"k":[0.902000038297,0.902000038297,0.902000038297,1],"ix":4},"o":{"a":0,"k":100,"ix":5},"r":1,"bm":0,"nm":"Fill 1","mn":"ADBE Vector Graphic - Fill","hd":false},{"ty":"tr","p":{"a":0,"k":[87.278,614.088],"ix":2},"a":{"a":0,"k":[0,0],"ix":1},"s":{"a":0,"k":[100,100],"ix":3},"r":{"a":0,"k":0,"ix":6},"o":{"a":0,"k":100,"ix":7},"sk":{"a":0,"k":0,"ix":4},"sa":{"a":0,"k":0,"ix":5},"nm":"Transform"}],"nm":"Group 1","np":2,"cix":2,"bm":0,"ix":1,"mn":"ADBE Vector Group","hd":false}],"ip":195,"op":301,"st":0,"bm":0},{"ddd":0,"ind":5,"ty":4,"nm":"DottedClock/TickTrackLauncherLogo Outlines","sr":1,"ks":{"o":{"a":1,"k":[{"i":{"x":[0.667],"y":[1]},"o":{"x":[0.333],"y":[0]},"t":195,"s":[0]},{"t":217,"s":[100]}],"ix":11},"r":{"a":1,"k":[{"i":{"x":[0.667],"y":[1]},"o":{"x":[0.333],"y":[0]},"t":195,"s":[372]},{"i":{"x":[0.667],"y":[1]},"o":{"x":[0.333],"y":[0]},"t":217,"s":[357.911]},{"t":225,"s":[362]}],"ix":10},"p":{"a":1,"k":[{"i":{"x":0.667,"y":1},"o":{"x":0.333,"y":0},"t":195,"s":[1035,1118,0],"to":[-7.667,0,0],"ti":[7.5,0,0]},{"i":{"x":0.667,"y":1},"o":{"x":0.333,"y":0},"t":217,"s":[989,1118,0],"to":[-7.5,0,0],"ti":[-0.167,0,0]},{"t":225,"s":[990,1118,0]}],"ix":2},"a":{"a":0,"k":[2826,270.5,0],"ix":1},"s":{"a":0,"k":[34,34,100],"ix":6}},"ao":0,"shapes":[{"ty":"gr","it":[{"ind":0,"ty":"sh","ix":1,"ks":{"a":0,"k":{"i":[[0,0],[-602.685,-31.315]],"o":[[91.461,609.084],[0,0]],"v":[[-601.951,-546.475],[601.951,546.475]],"c":false},"ix":2},"nm":"Path 1","mn":"ADBE Vector Shape - Group","hd":false},{"ty":"st","c":{"a":0,"k":[0,0.532999973671,0.638999968884,1],"ix":3},"o":{"a":0,"k":100,"ix":4},"w":{"a":0,"k":400,"ix":5},"lc":2,"lj":1,"ml":10,"bm":0,"d":[{"n":"d","nm":"dash","v":{"a":0,"k":5,"ix":1}},{"n":"g","nm":"gap","v":{"a":0,"k":800,"ix":2}},{"n":"o","nm":"offset","v":{"a":0,"k":0,"ix":7}}],"nm":"Stroke 1","mn":"ADBE Vector Graphic - Stroke","hd":false},{"ty":"tr","p":{"a":0,"k":[1601.951,1546.475],"ix":2},"a":{"a":0,"k":[0,0],"ix":1},"s":{"a":0,"k":[100,100],"ix":3},"r":{"a":0,"k":0,"ix":6},"o":{"a":0,"k":100,"ix":7},"sk":{"a":0,"k":0,"ix":4},"sa":{"a":0,"k":0,"ix":5},"nm":"Transform"}],"nm":"Group 1","np":2,"cix":2,"bm":0,"ix":1,"mn":"ADBE Vector Group","hd":false}],"ip":195,"op":301,"st":0,"bm":0},{"ddd":0,"ind":6,"ty":4,"nm":"Clicker/TickTrackLauncherLogo Outlines","sr":1,"ks":{"o":{"a":0,"k":100,"ix":11},"r":{"a":0,"k":0,"ix":10},"p":{"a":1,"k":[{"i":{"x":0.667,"y":1},"o":{"x":0.333,"y":0},"t":195,"s":[331,299,0],"to":[0,0,0],"ti":[0,0,0]},{"i":{"x":0.667,"y":1},"o":{"x":0.333,"y":0},"t":210,"s":[380,402,0],"to":[0,0,0],"ti":[0,0,0]},{"t":225,"s":[331,299,0]}],"ix":2},"a":{"a":0,"k":[1099,1048.5,0],"ix":1},"s":{"a":0,"k":[45,45,100],"ix":6}},"ao":0,"shapes":[{"ty":"gr","it":[{"ind":0,"ty":"sh","ix":1,"ks":{"a":0,"k":{"i":[[42.133,-35.354],[0,0],[35.353,42.133],[0,0],[-42.133,35.354],[0,0],[-35.354,-42.132],[0,0]],"o":[[0,0],[-42.132,35.353],[0,0],[-35.353,-42.133],[0,0],[42.132,-35.354],[0,0],[35.353,42.132]],"v":[[550.857,-170.408],[-263.475,512.897],[-404.358,500.571],[-563.183,311.292],[-550.857,170.407],[263.475,-512.897],[404.358,-500.571],[563.183,-311.291]],"c":true},"ix":2},"nm":"Path 1","mn":"ADBE Vector Shape - Group","hd":false},{"ty":"st","c":{"a":0,"k":[0.004000000393,0.226999993418,0.33300000359,1],"ix":3},"o":{"a":0,"k":100,"ix":4},"w":{"a":0,"k":200,"ix":5},"lc":1,"lj":1,"ml":10,"bm":0,"nm":"Stroke 1","mn":"ADBE Vector Graphic - Stroke","hd":false},{"ty":"fl","c":{"a":0,"k":[0.004000000393,0.226999993418,0.33300000359,1],"ix":4},"o":{"a":0,"k":100,"ix":5},"r":1,"bm":0,"nm":"Fill 1","mn":"ADBE Vector Graphic - Fill","hd":false},{"ty":"tr","p":{"a":0,"k":[1098.536,1048.251],"ix":2},"a":{"a":0,"k":[0,0],"ix":1},"s":{"a":0,"k":[100,100],"ix":3},"r":{"a":0,"k":0,"ix":6},"o":{"a":0,"k":100,"ix":7},"sk":{"a":0,"k":0,"ix":4},"sa":{"a":0,"k":0,"ix":5},"nm":"Transform"}],"nm":"Group 1","np":3,"cix":2,"bm":0,"ix":1,"mn":"ADBE Vector Group","hd":false}],"ip":195,"op":301,"st":0,"bm":0},{"ddd":0,"ind":7,"ty":4,"nm":"Base Clock/TickTrackLauncherLogo Outlines","sr":1,"ks":{"o":{"a":0,"k":100,"ix":11},"r":{"a":0,"k":0,"ix":10},"p":{"a":0,"k":[1000,1000,0],"ix":2},"a":{"a":0,"k":[1577,1266,0],"ix":1},"s":{"a":0,"k":[40,40,100],"ix":6}},"ao":0,"shapes":[{"ty":"gr","it":[{"ind":0,"ty":"sh","ix":1,"ks":{"a":0,"k":{"i":[[0,82.73],[-82.731,0],[0,-82.731],[82.732,0]],"o":[[0,-82.731],[82.732,0],[0,82.73],[-82.731,0]],"v":[[-149.797,0],[-0.001,-149.798],[149.797,0],[-0.001,149.798]],"c":true},"ix":2},"nm":"Path 1","mn":"ADBE Vector Shape - Group","hd":false},{"ty":"fl","c":{"a":0,"k":[0.902000038297,0.902000038297,0.902000038297,1],"ix":4},"o":{"a":0,"k":100,"ix":5},"r":1,"bm":0,"nm":"Fill 1","mn":"ADBE Vector Graphic - Fill","hd":false},{"ty":"tr","p":{"a":0,"k":[1561.779,1573.849],"ix":2},"a":{"a":0,"k":[0,0],"ix":1},"s":{"a":0,"k":[100,100],"ix":3},"r":{"a":0,"k":0,"ix":6},"o":{"a":0,"k":100,"ix":7},"sk":{"a":0,"k":0,"ix":4},"sa":{"a":0,"k":0,"ix":5},"nm":"Transform"}],"nm":"Group 1","np":2,"cix":2,"bm":0,"ix":1,"mn":"ADBE Vector Group","hd":false},{"ty":"gr","it":[{"ind":0,"ty":"sh","ix":1,"ks":{"a":0,"k":{"i":[[0,-752.089],[752.09,0],[0,752.09],[-752.09,0]],"o":[[0,752.09],[-752.09,0],[0,-752.089],[752.09,0]],"v":[[1361.779,0],[0,1361.779],[-1361.779,0],[0,-1361.779]],"c":true},"ix":2},"nm":"Path 1","mn":"ADBE Vector Shape - Group","hd":false},{"ty":"st","c":{"a":0,"k":[0,0.532999973671,0.638999968884,1],"ix":3},"o":{"a":0,"k":100,"ix":4},"w":{"a":0,"k":80,"ix":5},"lc":1,"lj":1,"ml":10,"bm":0,"nm":"Stroke 1","mn":"ADBE Vector Graphic - Stroke","hd":false},{"ty":"fl","c":{"a":0,"k":[0,0.532999973671,0.638999968884,1],"ix":4},"o":{"a":0,"k":100,"ix":5},"r":1,"bm":0,"nm":"Fill 1","mn":"ADBE Vector Graphic - Fill","hd":false},{"ty":"tr","p":{"a":0,"k":[1561.779,1561.779],"ix":2},"a":{"a":0,"k":[0,0],"ix":1},"s":{"a":0,"k":[100,100],"ix":3},"r":{"a":0,"k":0,"ix":6},"o":{"a":0,"k":100,"ix":7},"sk":{"a":0,"k":0,"ix":4},"sa":{"a":0,"k":0,"ix":5},"nm":"Transform"}],"nm":"Group 2","np":3,"cix":2,"bm":0,"ix":2,"mn":"ADBE Vector Group","hd":false}],"ip":195,"op":301,"st":0,"bm":0},{"ddd":0,"ind":8,"ty":4,"nm":"AlarmThingy/TickTrackLauncherLogo Outlines","sr":1,"ks":{"o":{"a":0,"k":100,"ix":11},"r":{"a":1,"k":[{"i":{"x":[0.833],"y":[0.833]},"o":{"x":[0.167],"y":[0.167]},"t":195,"s":[0]},{"i":{"x":[0.833],"y":[0.833]},"o":{"x":[0.167],"y":[0.167]},"t":202,"s":[11]},{"i":{"x":[0.833],"y":[0.833]},"o":{"x":[0.167],"y":[0.167]},"t":210,"s":[-3.826]},{"i":{"x":[0.833],"y":[0.833]},"o":{"x":[0.167],"y":[0.167]},"t":217,"s":[12.959]},{"t":225,"s":[0]}],"ix":10},"p":{"a":1,"k":[{"i":{"x":0.833,"y":0.833},"o":{"x":0.167,"y":0.167},"t":195,"s":[1676,259,0],"to":[0,0,0],"ti":[0,0,0]},{"t":225,"s":[1676,259,0]}],"ix":2},"a":{"a":0,"k":[1144.5,1069.5,0],"ix":1},"s":{"a":0,"k":[45,45,100],"ix":6}},"ao":0,"shapes":[{"ty":"gr","it":[{"ind":0,"ty":"sh","ix":1,"ks":{"a":0,"k":{"i":[[0,0],[-39.886,36.666],[-417.096,-292.054],[65.329,-157.015],[48.569,34.008],[0,0]],"o":[[-48.569,-34.008],[125.203,-115.092],[417.096,292.054],[-20.812,50.022],[0,0],[0,0]],"v":[[-587.758,-141.75],[-604.524,-278.363],[227.314,-277.078],[513.026,504.154],[378.917,535.124],[-80.871,213.176]],"c":true},"ix":2},"nm":"Path 1","mn":"ADBE Vector Shape - Group","hd":false},{"ty":"st","c":{"a":0,"k":[0.004000000393,0.226999993418,0.33300000359,1],"ix":3},"o":{"a":0,"k":100,"ix":4},"w":{"a":0,"k":200,"ix":5},"lc":1,"lj":1,"ml":10,"bm":0,"nm":"Stroke 1","mn":"ADBE Vector Graphic - Stroke","hd":false},{"ty":"fl","c":{"a":0,"k":[0.004000000393,0.226999993418,0.33300000359,1],"ix":4},"o":{"a":0,"k":100,"ix":5},"r":1,"bm":0,"nm":"Fill 1","mn":"ADBE Vector Graphic - Fill","hd":false},{"ty":"tr","p":{"a":0,"k":[1144.41,1069.133],"ix":2},"a":{"a":0,"k":[0,0],"ix":1},"s":{"a":0,"k":[100,100],"ix":3},"r":{"a":0,"k":0,"ix":6},"o":{"a":0,"k":100,"ix":7},"sk":{"a":0,"k":0,"ix":4},"sa":{"a":0,"k":0,"ix":5},"nm":"Transform"}],"nm":"Group 1","np":3,"cix":2,"bm":0,"ix":1,"mn":"ADBE Vector Group","hd":false}],"ip":195,"op":301,"st":0,"bm":0}],"markers":[]}