{"v":"5.7.1","fr":60,"ip":0,"op":300,"w":2043,"h":2043,"nm":"Comp 1","ddd":0,"assets":[{"id":"image_0","w":2000,"h":2000,"u":"images/","p":"img_0.webp","e":0},{"id":"image_1","w":2000,"h":2000,"u":"images/","p":"img_1.webp","e":0}],"layers":[{"ddd":0,"ind":1,"ty":2,"nm":"ticktrackLogo.png","cl":"png","refId":"image_0","sr":1,"ks":{"o":{"a":0,"k":100,"ix":11},"r":{"a":0,"k":0,"ix":10},"p":{"a":1,"k":[{"i":{"x":0.833,"y":1},"o":{"x":0.167,"y":0},"t":270,"s":[1737.5,1021.5,0],"to":[-119.417,0,0],"ti":[119.417,0,0]},{"t":299,"s":[1021,1021.5,0]}],"ix":2},"a":{"a":0,"k":[1000,1000,0],"ix":1},"s":{"a":1,"k":[{"i":{"x":[0.833,0.833,0.833],"y":[1,1,1]},"o":{"x":[0.167,0.167,0.167],"y":[0,0,0]},"t":270,"s":[25,25,100]},{"t":299,"s":[58,58,100]}],"ix":6}},"ao":0,"ip":270,"op":300,"st":270,"bm":0},{"ddd":0,"ind":2,"ty":2,"nm":"googleLogo.png","cl":"png","refId":"image_1","sr":1,"ks":{"o":{"a":0,"k":100,"ix":11},"r":{"a":0,"k":0,"ix":10},"p":{"a":1,"k":[{"i":{"x":0.833,"y":1},"o":{"x":0.167,"y":0},"t":270,"s":[327,1021.5,0],"to":[115.667,0,0],"ti":[-115.667,0,0]},{"t":299,"s":[1021,1021.5,0]}],"ix":2},"a":{"a":0,"k":[1000,1000,0],"ix":1},"s":{"a":1,"k":[{"i":{"x":[0.833,0.833,0.833],"y":[1,1,1]},"o":{"x":[0.167,0.167,0.167],"y":[0,0,0]},"t":270,"s":[25,25,100]},{"t":299,"s":[0,0,100]}],"ix":6}},"ao":0,"ip":270,"op":300,"st":270,"bm":0},{"ddd":0,"ind":3,"ty":2,"nm":"googleLogo.png","cl":"png","refId":"image_1","sr":1,"ks":{"o":{"a":0,"k":100,"ix":11},"r":{"a":0,"k":0,"ix":10},"p":{"a":1,"k":[{"i":{"x":0.833,"y":1},"o":{"x":0.167,"y":0},"t":120,"s":[1737.5,1021.5,0],"to":[-119.417,0,0],"ti":[119.417,0,0]},{"i":{"x":0.833,"y":0.833},"o":{"x":0.167,"y":0.167},"t":150,"s":[1021,1021.5,0],"to":[0,0,0],"ti":[0,0,0]},{"i":{"x":0.833,"y":1},"o":{"x":0.167,"y":0},"t":240,"s":[1021,1021.5,0],"to":[-115.667,0,0],"ti":[115.667,0,0]},{"t":270,"s":[327,1021.5,0]}],"ix":2},"a":{"a":0,"k":[1000,1000,0],"ix":1},"s":{"a":1,"k":[{"i":{"x":[0.833,0.833,0.833],"y":[1,1,1]},"o":{"x":[0.167,0.167,0.167],"y":[0,0,0]},"t":120,"s":[25,25,100]},{"i":{"x":[0.833,0.833,0.833],"y":[1,1,1]},"o":{"x":[0.167,0.167,0.167],"y":[0,0,0]},"t":150,"s":[58,58,100]},{"i":{"x":[0.833,0.833,0.833],"y":[1,1,1]},"o":{"x":[0.167,0.167,0.167],"y":[0,0,0]},"t":240,"s":[58,58,100]},{"t":270,"s":[25,25,100]}],"ix":6}},"ao":0,"ip":120,"op":270,"st":120,"bm":0},{"ddd":0,"ind":4,"ty":2,"nm":"ticktrackLogo.png","cl":"png","refId":"image_0","sr":1,"ks":{"o":{"a":0,"k":100,"ix":11},"r":{"a":0,"k":0,"ix":10},"p":{"a":1,"k":[{"i":{"x":0.833,"y":1},"o":{"x":0.167,"y":0},"t":120,"s":[327.5,1021.5,0],"to":[115.583,0,0],"ti":[-115.583,0,0]},{"i":{"x":0.833,"y":0.833},"o":{"x":0.167,"y":0.167},"t":150,"s":[1021,1021.5,0],"to":[0,0,0],"ti":[0,0,0]},{"i":{"x":0.833,"y":1},"o":{"x":0.167,"y":0},"t":240,"s":[1021,1021.5,0],"to":[119.417,0,0],"ti":[-119.417,0,0]},{"t":270,"s":[1737.5,1021.5,0]}],"ix":2},"a":{"a":0,"k":[1000,1000,0],"ix":1},"s":{"a":1,"k":[{"i":{"x":[0.833,0.833,0.833],"y":[1,1,1]},"o":{"x":[0.167,0.167,0.167],"y":[0,0,0]},"t":120,"s":[25,25,100]},{"i":{"x":[0.833,0.833,0.833],"y":[1,1,1]},"o":{"x":[0.167,0.167,0.167],"y":[0,0,0]},"t":150,"s":[0,0,100]},{"i":{"x":[0.833,0.833,0.833],"y":[1,1,1]},"o":{"x":[0.167,0.167,0.167],"y":[0,0,0]},"t":240,"s":[0,0,100]},{"t":270,"s":[25,25,100]}],"ix":6}},"ao":0,"ip":120,"op":270,"st":120,"bm":0},{"ddd":0,"ind":5,"ty":2,"nm":"ticktrackLogo.png","cl":"png","refId":"image_0","sr":1,"ks":{"o":{"a":0,"k":100,"ix":11},"r":{"a":0,"k":0,"ix":10},"p":{"a":1,"k":[{"i":{"x":0.667,"y":1},"o":{"x":0.333,"y":0},"t":90,"s":[1021.5,1021.5,0],"to":[-115.667,0,0],"ti":[115.667,0,0]},{"t":120,"s":[327.5,1021.5,0]}],"ix":2},"a":{"a":0,"k":[1000,1000,0],"ix":1},"s":{"a":1,"k":[{"i":{"x":[0.667,0.667,0.667],"y":[1,1,1]},"o":{"x":[0.333,0.333,0.333],"y":[0,0,0]},"t":90,"s":[58,58,100]},{"t":120,"s":[25,25,100]}],"ix":6}},"ao":0,"ip":0,"op":120,"st":0,"bm":0},{"ddd":0,"ind":6,"ty":2,"nm":"googleLogo.png","cl":"png","refId":"image_1","sr":1,"ks":{"o":{"a":0,"k":100,"ix":11},"r":{"a":0,"k":0,"ix":10},"p":{"a":1,"k":[{"i":{"x":0.667,"y":1},"o":{"x":0.333,"y":0},"t":90,"s":[1021.5,1021.5,0],"to":[119.333,0,0],"ti":[-119.333,0,0]},{"t":120,"s":[1737.5,1021.5,0]}],"ix":2},"a":{"a":0,"k":[1000,1000,0],"ix":1},"s":{"a":1,"k":[{"i":{"x":[0.667,0.667,0.667],"y":[1,1,1]},"o":{"x":[0.333,0.333,0.333],"y":[0,0,0]},"t":90,"s":[0,0,100]},{"t":120,"s":[25,25,100]}],"ix":6}},"ao":0,"ip":0,"op":120,"st":0,"bm":0}],"markers":[]}